,n,avg_real,avg_cpu,med_cost,matrix,restarts
0,5,705200.0,0.0,2.249612736828632,matrices/5_random_adj_mat_0.txt,1
0,5,486600.0,0.0,2.4324100724478357,matrices/5_random_adj_mat_1.txt,1
0,5,567400.0,0.0,2.092769076252572,matrices/5_random_adj_mat_2.txt,1
0,5,193000.0,0.0,1.7304085400730933,matrices/5_random_adj_mat_3.txt,1
0,5,504000.0,0.0,1.8381227481602793,matrices/5_random_adj_mat_4.txt,1
0,5,530100.0,0.0,2.907493662653474,matrices/5_random_adj_mat_5.txt,1
0,5,407600.0,0.0,2.907678316977326,matrices/5_random_adj_mat_6.txt,1
0,5,516400.0,0.0,2.7273840284710706,matrices/5_random_adj_mat_7.txt,1
0,5,471000.0,0.0,2.1307530483783985,matrices/5_random_adj_mat_8.txt,1
0,5,387400.0,0.0,2.616055718212318,matrices/5_random_adj_mat_9.txt,1
0,6,564400.0,0.0,2.8203083008284406,matrices/6_random_adj_mat_0.txt,1
0,6,531900.0,0.0,2.4874288218023795,matrices/6_random_adj_mat_1.txt,1
0,6,408300.0,0.0,2.6451434557135416,matrices/6_random_adj_mat_2.txt,1
0,6,552600.0,0.0,2.715084117393127,matrices/6_random_adj_mat_3.txt,1
0,6,649500.0,0.0,2.204890873346207,matrices/6_random_adj_mat_4.txt,1
0,6,404300.0,0.0,2.655473045559098,matrices/6_random_adj_mat_5.txt,1
0,6,508900.0,0.0,1.8773865995729289,matrices/6_random_adj_mat_6.txt,1
0,6,428700.0,0.0,1.9668510853745373,matrices/6_random_adj_mat_7.txt,1
0,6,513800.0,0.0,2.5167457610883015,matrices/6_random_adj_mat_8.txt,1
0,6,597000.0,15625000.0,2.442624832178839,matrices/6_random_adj_mat_9.txt,1
0,7,528000.0,0.0,2.642560600583172,matrices/7_random_adj_mat_0.txt,1
0,7,451200.0,0.0,2.231328304759674,matrices/7_random_adj_mat_1.txt,1
0,7,631800.0,0.0,3.0391998243404563,matrices/7_random_adj_mat_2.txt,1
0,7,670100.0,0.0,3.0644688895635035,matrices/7_random_adj_mat_3.txt,1
0,7,656400.0,0.0,2.490845941532837,matrices/7_random_adj_mat_4.txt,1
0,7,475300.0,0.0,2.5723564469140525,matrices/7_random_adj_mat_5.txt,1
0,7,618700.0,0.0,2.6132282353425107,matrices/7_random_adj_mat_6.txt,1
0,7,500900.0,0.0,2.9233096881907703,matrices/7_random_adj_mat_7.txt,1
0,7,516500.0,0.0,2.775337583833467,matrices/7_random_adj_mat_8.txt,1
0,7,541800.0,15625000.0,1.9213979013365259,matrices/7_random_adj_mat_9.txt,1
0,8,701400.0,0.0,2.2706167218936217,matrices/8_random_adj_mat_0.txt,1
0,8,621700.0,0.0,2.6978175701280867,matrices/8_random_adj_mat_1.txt,1
0,8,448800.0,0.0,3.5876530159093565,matrices/8_random_adj_mat_2.txt,1
0,8,774800.0,0.0,2.6107324584095855,matrices/8_random_adj_mat_3.txt,1
0,8,425800.0,0.0,2.532865643752492,matrices/8_random_adj_mat_4.txt,1
0,8,719900.0,0.0,2.8367127723770427,matrices/8_random_adj_mat_5.txt,1
0,8,722800.0,0.0,3.015347278230869,matrices/8_random_adj_mat_6.txt,1
0,8,1022900.0,0.0,2.653053185766895,matrices/8_random_adj_mat_7.txt,1
0,8,616200.0,0.0,3.773999601910106,matrices/8_random_adj_mat_8.txt,1
0,8,581700.0,15625000.0,2.9426955007826607,matrices/8_random_adj_mat_9.txt,1
0,9,773200.0,0.0,2.87164028147227,matrices/9_random_adj_mat_0.txt,1
0,9,945000.0,0.0,3.8948438510077206,matrices/9_random_adj_mat_1.txt,1
0,9,484400.0,0.0,3.397072665261333,matrices/9_random_adj_mat_2.txt,1
0,9,666500.0,0.0,2.926113831157129,matrices/9_random_adj_mat_3.txt,1
0,9,781200.0,0.0,2.8339168666810615,matrices/9_random_adj_mat_4.txt,1
0,9,1146000.0,0.0,2.879629065225063,matrices/9_random_adj_mat_5.txt,1
0,9,1557400.0,0.0,3.0416703146628823,matrices/9_random_adj_mat_6.txt,1
0,9,503400.0,0.0,3.7049069549238682,matrices/9_random_adj_mat_7.txt,1
0,9,989000.0,0.0,2.9485998664242383,matrices/9_random_adj_mat_8.txt,1
0,9,631500.0,0.0,2.8661339370153804,matrices/9_random_adj_mat_9.txt,1
0,10,699500.0,0.0,3.0902948953981015,matrices/10_random_adj_mat_0.txt,1
0,10,714700.0,0.0,3.166077055810861,matrices/10_random_adj_mat_1.txt,1
0,10,967100.0,0.0,3.526087157507943,matrices/10_random_adj_mat_2.txt,1
0,10,1022900.0,0.0,4.685070649592507,matrices/10_random_adj_mat_3.txt,1
0,10,879400.0,0.0,4.731640605439573,matrices/10_random_adj_mat_4.txt,1
0,10,1120500.0,0.0,2.703062135579008,matrices/10_random_adj_mat_5.txt,1
0,10,944400.0,15625000.0,3.645428629161162,matrices/10_random_adj_mat_6.txt,1
0,10,1330400.0,0.0,3.1310694035517814,matrices/10_random_adj_mat_7.txt,1
0,10,914600.0,0.0,4.125025940101126,matrices/10_random_adj_mat_8.txt,1
0,10,737500.0,0.0,3.244017856173641,matrices/10_random_adj_mat_9.txt,1
0,15,1420100.0,0.0,3.9911714132449916,matrices/15_random_adj_mat_0.txt,1
0,15,1239700.0,0.0,4.757131186493486,matrices/15_random_adj_mat_1.txt,1
0,15,1160200.0,0.0,4.699385270415531,matrices/15_random_adj_mat_2.txt,1
0,15,1604500.0,0.0,4.519872797779861,matrices/15_random_adj_mat_3.txt,1
0,15,904900.0,0.0,5.708212324948365,matrices/15_random_adj_mat_4.txt,1
0,15,1255700.0,0.0,3.9092390373587493,matrices/15_random_adj_mat_5.txt,1
0,15,1685600.0,0.0,3.627864634143643,matrices/15_random_adj_mat_6.txt,1
0,15,1185700.0,0.0,4.405238887389302,matrices/15_random_adj_mat_7.txt,1
0,15,806700.0,0.0,4.677092823008561,matrices/15_random_adj_mat_8.txt,1
0,15,1701700.0,0.0,3.958254609650239,matrices/15_random_adj_mat_9.txt,1
0,20,2117200.0,15625000.0,4.73937717030216,matrices/20_random_adj_mat_0.txt,1
0,20,2753700.0,0.0,6.141994994189744,matrices/20_random_adj_mat_1.txt,1
0,20,1586200.0,0.0,7.153305608857645,matrices/20_random_adj_mat_2.txt,1
0,20,1487900.0,0.0,6.8666931480451545,matrices/20_random_adj_mat_3.txt,1
0,20,1872100.0,0.0,7.336021884322423,matrices/20_random_adj_mat_4.txt,1
0,20,1878800.0,0.0,6.389206484108691,matrices/20_random_adj_mat_5.txt,1
0,20,2061500.0,0.0,6.538214731510389,matrices/20_random_adj_mat_6.txt,1
0,20,2537500.0,0.0,5.803654670221769,matrices/20_random_adj_mat_7.txt,1
0,20,1460200.0,0.0,7.12550927115006,matrices/20_random_adj_mat_8.txt,1
0,20,2003700.0,0.0,5.538494683061803,matrices/20_random_adj_mat_9.txt,1
0,25,2361100.0,15625000.0,7.8345860400207235,matrices/25_random_adj_mat_0.txt,1
0,25,2263600.0,0.0,7.783842505139661,matrices/25_random_adj_mat_1.txt,1
0,25,2819200.0,0.0,6.310205530598375,matrices/25_random_adj_mat_2.txt,1
0,25,3567500.0,0.0,7.035134956853293,matrices/25_random_adj_mat_3.txt,1
0,25,2740400.0,15625000.0,8.32872676230614,matrices/25_random_adj_mat_4.txt,1
0,25,3392300.0,0.0,7.612025430864174,matrices/25_random_adj_mat_5.txt,1
0,25,2710400.0,0.0,7.2340190196126395,matrices/25_random_adj_mat_6.txt,1
0,25,3049000.0,0.0,7.990003292313466,matrices/25_random_adj_mat_7.txt,1
0,25,3895700.0,15625000.0,7.228830842098975,matrices/25_random_adj_mat_8.txt,1
0,25,2831800.0,0.0,7.141794087328191,matrices/25_random_adj_mat_9.txt,1
0,30,4695200.0,0.0,8.80680904231051,matrices/30_random_adj_mat_0.txt,1
0,30,4365100.0,15625000.0,8.56681981277098,matrices/30_random_adj_mat_1.txt,1
0,30,3750500.0,0.0,11.974481051779795,matrices/30_random_adj_mat_2.txt,1
0,30,4870700.0,0.0,9.298587888312161,matrices/30_random_adj_mat_3.txt,1
0,30,3605100.0,0.0,9.305766550830576,matrices/30_random_adj_mat_4.txt,1
0,30,2038900.0,0.0,12.899173514577914,matrices/30_random_adj_mat_5.txt,1
0,30,3634600.0,0.0,9.13240071287691,matrices/30_random_adj_mat_6.txt,1
0,30,3567600.0,15625000.0,9.781338966896701,matrices/30_random_adj_mat_7.txt,1
0,30,4002200.0,0.0,9.326256894237549,matrices/30_random_adj_mat_8.txt,1
0,30,3825100.0,0.0,7.616612653594589,matrices/30_random_adj_mat_9.txt,1
0,30,3316700.0,15625000.0,10.230908581275635,matrices/30_random_adj_mat_0.txt,1
0,30,3574300.0,0.0,8.30259096956105,matrices/30_random_adj_mat_1.txt,1
0,30,2680700.0,0.0,11.117407737479672,matrices/30_random_adj_mat_2.txt,1
0,30,2006800.0,0.0,10.428688293489396,matrices/30_random_adj_mat_3.txt,1
0,30,2732300.0,0.0,10.174017887492818,matrices/30_random_adj_mat_4.txt,1
0,30,3469700.0,0.0,10.122518416665628,matrices/30_random_adj_mat_5.txt,1
0,30,3457400.0,0.0,9.918992657588346,matrices/30_random_adj_mat_6.txt,1
0,30,3771100.0,0.0,10.168967558322365,matrices/30_random_adj_mat_7.txt,1
0,30,3219800.0,0.0,11.59712529400323,matrices/30_random_adj_mat_8.txt,1
0,30,3567900.0,0.0,9.116467936577767,matrices/30_random_adj_mat_9.txt,1
0,40,4285500.0,0.0,14.28500592012801,matrices/40_random_adj_mat_0.txt,1
0,40,3790800.0,15625000.0,16.330903759219968,matrices/40_random_adj_mat_1.txt,1
0,40,6779600.0,0.0,11.663640113496085,matrices/40_random_adj_mat_2.txt,1
0,40,4737900.0,15625000.0,11.86692069003511,matrices/40_random_adj_mat_3.txt,1
0,40,5926800.0,0.0,11.22576655045556,matrices/40_random_adj_mat_4.txt,1
0,40,5075400.0,15625000.0,14.880880634671772,matrices/40_random_adj_mat_5.txt,1
0,40,5260200.0,0.0,10.795986579519404,matrices/40_random_adj_mat_6.txt,1
0,40,5552400.0,0.0,13.363035343547468,matrices/40_random_adj_mat_7.txt,1
0,40,5387800.0,15625000.0,12.933074027285114,matrices/40_random_adj_mat_8.txt,1
0,40,3798100.0,0.0,16.03815742489247,matrices/40_random_adj_mat_9.txt,1
0,50,5717000.0,15625000.0,18.92732332356487,matrices/50_random_adj_mat_0.txt,1
0,50,8709300.0,0.0,14.267377135927088,matrices/50_random_adj_mat_1.txt,1
0,50,7198100.0,15625000.0,15.580758551288282,matrices/50_random_adj_mat_2.txt,1
0,50,6463700.0,0.0,15.203070341094632,matrices/50_random_adj_mat_3.txt,1
0,50,9062300.0,15625000.0,15.71343622409518,matrices/50_random_adj_mat_4.txt,1
0,50,7291700.0,15625000.0,15.282674651073766,matrices/50_random_adj_mat_5.txt,1
0,50,6033300.0,0.0,18.54074454921089,matrices/50_random_adj_mat_6.txt,1
0,50,7468800.0,15625000.0,14.846930012648988,matrices/50_random_adj_mat_7.txt,1
0,50,5149900.0,0.0,16.32067683054683,matrices/50_random_adj_mat_8.txt,1
0,50,7771300.0,15625000.0,14.036824651625713,matrices/50_random_adj_mat_9.txt,1
0,5,1038800.0,0.0,2.249612736828632,matrices/5_random_adj_mat_0.txt,5
0,5,974200.0,0.0,2.4324100724478357,matrices/5_random_adj_mat_1.txt,5
0,5,929600.0,15625000.0,2.092769076252572,matrices/5_random_adj_mat_2.txt,5
0,5,1291800.0,0.0,1.730408540073093,matrices/5_random_adj_mat_3.txt,5
0,5,1291900.0,0.0,1.8381227481602793,matrices/5_random_adj_mat_4.txt,5
0,5,1306000.0,0.0,2.907493662653474,matrices/5_random_adj_mat_5.txt,5
0,5,808800.0,0.0,2.9076783169773255,matrices/5_random_adj_mat_6.txt,5
0,5,1195800.0,0.0,2.72738402847107,matrices/5_random_adj_mat_7.txt,5
0,5,778900.0,0.0,2.1307530483783985,matrices/5_random_adj_mat_8.txt,5
0,5,829100.0,15625000.0,2.616055718212318,matrices/5_random_adj_mat_9.txt,5
0,6,1099900.0,0.0,2.6549481998199593,matrices/6_random_adj_mat_0.txt,5
0,6,915100.0,0.0,2.3857942300953416,matrices/6_random_adj_mat_1.txt,5
0,6,951200.0,0.0,2.5826910133607814,matrices/6_random_adj_mat_2.txt,5
0,6,1165100.0,0.0,2.624479955310725,matrices/6_random_adj_mat_3.txt,5
0,6,1384900.0,0.0,2.204890873346207,matrices/6_random_adj_mat_4.txt,5
0,6,970500.0,0.0,2.1213700507683013,matrices/6_random_adj_mat_5.txt,5
0,6,964400.0,0.0,1.7547496920325507,matrices/6_random_adj_mat_6.txt,5
0,6,744000.0,0.0,1.9668510853745373,matrices/6_random_adj_mat_7.txt,5
0,6,1091100.0,0.0,2.4785680059775683,matrices/6_random_adj_mat_8.txt,5
0,6,1274700.0,0.0,2.442624832178839,matrices/6_random_adj_mat_9.txt,5
0,7,1845600.0,0.0,2.5485158336662055,matrices/7_random_adj_mat_0.txt,5
0,7,1644100.0,0.0,2.1133715738835726,matrices/7_random_adj_mat_1.txt,5
0,7,1782700.0,0.0,2.765538655869785,matrices/7_random_adj_mat_2.txt,5
0,7,1405100.0,15625000.0,2.846818037575111,matrices/7_random_adj_mat_3.txt,5
0,7,1695200.0,0.0,2.490845941532837,matrices/7_random_adj_mat_4.txt,5
0,7,1656800.0,0.0,2.572356446914053,matrices/7_random_adj_mat_5.txt,5
0,7,1613300.0,0.0,2.416266881171261,matrices/7_random_adj_mat_6.txt,5
0,7,1366600.0,0.0,2.869162661634958,matrices/7_random_adj_mat_7.txt,5
0,7,1197600.0,0.0,2.3131457844957337,matrices/7_random_adj_mat_8.txt,5
0,7,1150300.0,15625000.0,1.9213979013365259,matrices/7_random_adj_mat_9.txt,5
0,8,2089500.0,0.0,2.1994158156662635,matrices/8_random_adj_mat_0.txt,5
0,8,4537100.0,0.0,2.648050301666325,matrices/8_random_adj_mat_1.txt,5
0,8,2180200.0,0.0,3.020431394868102,matrices/8_random_adj_mat_2.txt,5
0,8,4057700.0,0.0,2.5500304966934046,matrices/8_random_adj_mat_3.txt,5
0,8,2419200.0,0.0,2.2595413093005345,matrices/8_random_adj_mat_4.txt,5
0,8,1841500.0,0.0,2.6379582091479707,matrices/8_random_adj_mat_5.txt,5
0,8,4074800.0,15625000.0,2.6801242091455997,matrices/8_random_adj_mat_6.txt,5
0,8,4047800.0,0.0,2.653053185766895,matrices/8_random_adj_mat_7.txt,5
0,8,3025600.0,0.0,2.9245232677730293,matrices/8_random_adj_mat_8.txt,5
0,8,1827500.0,15625000.0,2.3974053238819213,matrices/8_random_adj_mat_9.txt,5
0,9,2551900.0,0.0,2.763380495353963,matrices/9_random_adj_mat_0.txt,5
0,9,2228800.0,0.0,3.4250616930531534,matrices/9_random_adj_mat_1.txt,5
0,9,2326000.0,0.0,3.0553963577880148,matrices/9_random_adj_mat_2.txt,5
0,9,2577900.0,15625000.0,2.4796224566556866,matrices/9_random_adj_mat_3.txt,5
0,9,1918800.0,0.0,2.7523194761305927,matrices/9_random_adj_mat_4.txt,5
0,9,2930200.0,0.0,2.879629065225063,matrices/9_random_adj_mat_5.txt,5
0,9,2550300.0,0.0,2.8945244142259132,matrices/9_random_adj_mat_6.txt,5
0,9,1317200.0,15625000.0,3.634286582469198,matrices/9_random_adj_mat_7.txt,5
0,9,2286200.0,0.0,2.9485998664242383,matrices/9_random_adj_mat_8.txt,5
0,9,2061300.0,0.0,2.4202854534613154,matrices/9_random_adj_mat_9.txt,5
0,10,1987200.0,0.0,2.5714578876648786,matrices/10_random_adj_mat_0.txt,5
0,10,2998600.0,0.0,2.91984797950471,matrices/10_random_adj_mat_1.txt,5
0,10,2612700.0,15625000.0,3.3513203310009425,matrices/10_random_adj_mat_2.txt,5
0,10,3139700.0,0.0,3.3445258389475345,matrices/10_random_adj_mat_3.txt,5
0,10,2847200.0,0.0,3.2268629179918995,matrices/10_random_adj_mat_4.txt,5
0,10,2179900.0,0.0,2.5656865501976323,matrices/10_random_adj_mat_5.txt,5
0,10,3703000.0,15625000.0,2.8914559521633945,matrices/10_random_adj_mat_6.txt,5
0,10,3000100.0,0.0,2.947727009866108,matrices/10_random_adj_mat_7.txt,5
0,10,3483000.0,0.0,3.2471303039647075,matrices/10_random_adj_mat_8.txt,5
0,10,3171000.0,15625000.0,3.1516313312518274,matrices/10_random_adj_mat_9.txt,5
0,15,4176700.0,0.0,4.5487923235872785,matrices/15_random_adj_mat_0.txt,5
0,15,4510700.0,0.0,4.754682164995681,matrices/15_random_adj_mat_1.txt,5
0,15,6158000.0,15625000.0,4.386280628399462,matrices/15_random_adj_mat_2.txt,5
0,15,5040300.0,0.0,4.026987660844738,matrices/15_random_adj_mat_3.txt,5
0,15,5088200.0,15625000.0,3.960472015538363,matrices/15_random_adj_mat_4.txt,5
0,15,4565000.0,0.0,3.751202546312999,matrices/15_random_adj_mat_5.txt,5
0,15,3975500.0,0.0,3.4987660437484256,matrices/15_random_adj_mat_6.txt,5
0,15,4744600.0,15625000.0,3.7217165054139394,matrices/15_random_adj_mat_7.txt,5
0,15,5066100.0,0.0,4.14439446806996,matrices/15_random_adj_mat_8.txt,5
0,15,4035900.0,0.0,4.0398319173808535,matrices/15_random_adj_mat_9.txt,5
0,20,9314000.0,15625000.0,4.796030952878825,matrices/20_random_adj_mat_0.txt,5
0,20,9082900.0,15625000.0,6.014373426433948,matrices/20_random_adj_mat_1.txt,5
0,20,6928500.0,0.0,6.8073629914252525,matrices/20_random_adj_mat_2.txt,5
0,20,5807900.0,15625000.0,5.680033829270611,matrices/20_random_adj_mat_3.txt,5
0,20,5926600.0,0.0,4.885162805006997,matrices/20_random_adj_mat_4.txt,5
0,20,8189300.0,15625000.0,5.111807751362234,matrices/20_random_adj_mat_5.txt,5
0,20,6433800.0,0.0,6.141441757846004,matrices/20_random_adj_mat_6.txt,5
0,20,8327500.0,15625000.0,4.540923533963108,matrices/20_random_adj_mat_7.txt,5
0,20,7258900.0,15625000.0,5.400543278700058,matrices/20_random_adj_mat_8.txt,5
0,20,6804500.0,0.0,5.606024757986486,matrices/20_random_adj_mat_9.txt,5
0,25,11389300.0,15625000.0,6.673353794403784,matrices/25_random_adj_mat_0.txt,5
0,25,10244000.0,15625000.0,7.099228631880433,matrices/25_random_adj_mat_1.txt,5
0,25,12798800.0,15625000.0,6.115418259234055,matrices/25_random_adj_mat_2.txt,5
0,25,9752800.0,0.0,6.813371785601446,matrices/25_random_adj_mat_3.txt,5
0,25,8991200.0,15625000.0,7.164876131643177,matrices/25_random_adj_mat_4.txt,5
0,25,7868000.0,15625000.0,8.538356723212067,matrices/25_random_adj_mat_5.txt,5
0,25,11433800.0,0.0,5.497743077968612,matrices/25_random_adj_mat_6.txt,5
0,25,12086700.0,0.0,6.755752830979682,matrices/25_random_adj_mat_7.txt,5
0,25,10488300.0,15625000.0,7.1825836440765025,matrices/25_random_adj_mat_8.txt,5
0,25,11143200.0,15625000.0,6.685281081695647,matrices/25_random_adj_mat_9.txt,5
0,30,15763200.0,15625000.0,8.889413462073422,matrices/30_random_adj_mat_0.txt,5
0,30,9743500.0,15625000.0,9.34453626231773,matrices/30_random_adj_mat_1.txt,5
0,30,12598800.0,15625000.0,9.255207781443426,matrices/30_random_adj_mat_2.txt,5
0,30,12695900.0,15625000.0,7.886617465974804,matrices/30_random_adj_mat_3.txt,5
0,30,13720400.0,15625000.0,8.59560056650058,matrices/30_random_adj_mat_4.txt,5
0,30,11243200.0,0.0,8.686651021449586,matrices/30_random_adj_mat_5.txt,5
0,30,10846300.0,15625000.0,9.197305936348185,matrices/30_random_adj_mat_6.txt,5
0,30,12675100.0,15625000.0,9.625825557987428,matrices/30_random_adj_mat_7.txt,5
0,30,13425600.0,15625000.0,9.182832341468849,matrices/30_random_adj_mat_8.txt,5
0,30,10966700.0,15625000.0,8.329179303725844,matrices/30_random_adj_mat_9.txt,5
0,30,13993000.0,15625000.0,8.709064828822992,matrices/30_random_adj_mat_0.txt,5
0,30,12166200.0,15625000.0,8.883070430839634,matrices/30_random_adj_mat_1.txt,5
0,30,18644300.0,15625000.0,8.410949790786411,matrices/30_random_adj_mat_2.txt,5
0,30,13756000.0,15625000.0,9.518999690557328,matrices/30_random_adj_mat_3.txt,5
0,30,15964600.0,15625000.0,8.36312178514862,matrices/30_random_adj_mat_4.txt,5
0,30,16049100.0,15625000.0,8.620965668802043,matrices/30_random_adj_mat_5.txt,5
0,30,14252600.0,15625000.0,7.943281979228561,matrices/30_random_adj_mat_6.txt,5
0,30,10177300.0,0.0,9.052434537885604,matrices/30_random_adj_mat_7.txt,5
0,30,14538200.0,15625000.0,10.058244863151579,matrices/30_random_adj_mat_8.txt,5
0,30,11937700.0,15625000.0,8.419157291566195,matrices/30_random_adj_mat_9.txt,5
0,40,19989100.0,15625000.0,11.902298273450041,matrices/40_random_adj_mat_0.txt,5
0,40,22121000.0,15625000.0,12.497622226213576,matrices/40_random_adj_mat_1.txt,5
0,40,23601200.0,31250000.0,9.953018288903872,matrices/40_random_adj_mat_2.txt,5
0,40,19606100.0,15625000.0,11.824891479443934,matrices/40_random_adj_mat_3.txt,5
0,40,21913400.0,15625000.0,10.700517669694701,matrices/40_random_adj_mat_4.txt,5
0,40,18197600.0,15625000.0,13.284937847628756,matrices/40_random_adj_mat_5.txt,5
0,40,19274000.0,15625000.0,10.445257574485636,matrices/40_random_adj_mat_6.txt,5
0,40,23525400.0,31250000.0,10.039799825150588,matrices/40_random_adj_mat_7.txt,5
0,40,19788100.0,15625000.0,11.73781157891956,matrices/40_random_adj_mat_8.txt,5
0,40,17525600.0,15625000.0,12.304971814476065,matrices/40_random_adj_mat_9.txt,5
0,50,28313400.0,31250000.0,15.904592319368307,matrices/50_random_adj_mat_0.txt,5
0,50,29538800.0,31250000.0,13.782370235181464,matrices/50_random_adj_mat_1.txt,5
0,50,32133900.0,31250000.0,14.053499584836601,matrices/50_random_adj_mat_2.txt,5
0,50,27457500.0,31250000.0,13.33408343142563,matrices/50_random_adj_mat_3.txt,5
0,50,33387200.0,31250000.0,13.73150144843522,matrices/50_random_adj_mat_4.txt,5
0,50,31063300.0,31250000.0,14.128875155079196,matrices/50_random_adj_mat_5.txt,5
0,50,29772400.0,31250000.0,14.880509949255595,matrices/50_random_adj_mat_6.txt,5
0,50,29891100.0,31250000.0,14.56854664898996,matrices/50_random_adj_mat_7.txt,5
0,50,27588500.0,31250000.0,15.029037389512645,matrices/50_random_adj_mat_8.txt,5
0,50,30677900.0,15625000.0,14.24800446423272,matrices/50_random_adj_mat_9.txt,5
0,5,1869100.0,0.0,2.249612736828632,matrices/5_random_adj_mat_0.txt,10
0,5,1286300.0,0.0,2.4324100724478357,matrices/5_random_adj_mat_1.txt,10
0,5,1357400.0,0.0,2.092769076252572,matrices/5_random_adj_mat_2.txt,10
0,5,1550200.0,15625000.0,1.730408540073093,matrices/5_random_adj_mat_3.txt,10
0,5,1470000.0,0.0,1.8381227481602793,matrices/5_random_adj_mat_4.txt,10
0,5,1557200.0,0.0,2.907493662653474,matrices/5_random_adj_mat_5.txt,10
0,5,1490100.0,0.0,2.9076783169773255,matrices/5_random_adj_mat_6.txt,10
0,5,1374600.0,0.0,2.72738402847107,matrices/5_random_adj_mat_7.txt,10
0,5,1800300.0,0.0,2.1307530483783985,matrices/5_random_adj_mat_8.txt,10
0,5,1196000.0,15625000.0,2.616055718212318,matrices/5_random_adj_mat_9.txt,10
0,6,2250800.0,0.0,2.6549481998199593,matrices/6_random_adj_mat_0.txt,10
0,6,1722300.0,0.0,2.3857942300953416,matrices/6_random_adj_mat_1.txt,10
0,6,2536500.0,0.0,2.5826910133607814,matrices/6_random_adj_mat_2.txt,10
0,6,1775600.0,0.0,2.6244799553107248,matrices/6_random_adj_mat_3.txt,10
0,6,2201900.0,15625000.0,2.204890873346207,matrices/6_random_adj_mat_4.txt,10
0,6,3218600.0,0.0,2.1213700507683013,matrices/6_random_adj_mat_5.txt,10
0,6,3073800.0,0.0,1.7547496920325507,matrices/6_random_adj_mat_6.txt,10
0,6,2744200.0,0.0,1.9668510853745373,matrices/6_random_adj_mat_7.txt,10
0,6,2415300.0,0.0,2.4785680059775688,matrices/6_random_adj_mat_8.txt,10
0,6,3045900.0,0.0,2.442624832178839,matrices/6_random_adj_mat_9.txt,10
0,7,5220300.0,15625000.0,2.5485158336662055,matrices/7_random_adj_mat_0.txt,10
0,7,4218200.0,0.0,2.1133715738835726,matrices/7_random_adj_mat_1.txt,10
0,7,3511900.0,15625000.0,2.7655386558697854,matrices/7_random_adj_mat_2.txt,10
0,7,2894300.0,0.0,2.846818037575111,matrices/7_random_adj_mat_3.txt,10
0,7,2924500.0,0.0,2.490845941532837,matrices/7_random_adj_mat_4.txt,10
0,7,2610200.0,0.0,2.5723564469140525,matrices/7_random_adj_mat_5.txt,10
0,7,2512400.0,15625000.0,2.399317511596459,matrices/7_random_adj_mat_6.txt,10
0,7,2219500.0,0.0,2.8691626616349586,matrices/7_random_adj_mat_7.txt,10
0,7,2609800.0,0.0,2.3131457844957337,matrices/7_random_adj_mat_8.txt,10
0,7,2391800.0,0.0,1.9213979013365259,matrices/7_random_adj_mat_9.txt,10
0,8,3404200.0,15625000.0,2.1692532406726444,matrices/8_random_adj_mat_0.txt,10
0,8,4693500.0,0.0,2.617022360072963,matrices/8_random_adj_mat_1.txt,10
0,8,3275200.0,0.0,2.9221010888537022,matrices/8_random_adj_mat_2.txt,10
0,8,3378100.0,15625000.0,2.5500304966934046,matrices/8_random_adj_mat_3.txt,10
0,8,3032600.0,0.0,2.2595413093005345,matrices/8_random_adj_mat_4.txt,10
0,8,3084900.0,0.0,2.5947795613832856,matrices/8_random_adj_mat_5.txt,10
0,8,3780500.0,0.0,2.72644272835121,matrices/8_random_adj_mat_6.txt,10
0,8,3390900.0,15625000.0,2.653053185766895,matrices/8_random_adj_mat_7.txt,10
0,8,3639100.0,0.0,2.9245232677730293,matrices/8_random_adj_mat_8.txt,10
0,8,2902400.0,0.0,2.3974053238819213,matrices/8_random_adj_mat_9.txt,10
0,9,4614500.0,15625000.0,2.761946756155129,matrices/9_random_adj_mat_0.txt,10
0,9,4325000.0,0.0,3.5194348209891526,matrices/9_random_adj_mat_1.txt,10
0,9,4730400.0,0.0,3.0553963577880143,matrices/9_random_adj_mat_2.txt,10
0,9,4037300.0,15625000.0,2.4796224566556866,matrices/9_random_adj_mat_3.txt,10
0,9,5345500.0,0.0,2.748789980645658,matrices/9_random_adj_mat_4.txt,10
0,9,5188300.0,15625000.0,2.7163262667987818,matrices/9_random_adj_mat_5.txt,10
0,9,4384300.0,0.0,2.894524414225913,matrices/9_random_adj_mat_6.txt,10
0,9,4391500.0,0.0,3.430925771103049,matrices/9_random_adj_mat_7.txt,10
0,9,4235400.0,15625000.0,2.9485998664242388,matrices/9_random_adj_mat_8.txt,10
0,9,4221100.0,0.0,2.277175364426155,matrices/9_random_adj_mat_9.txt,10
0,10,4810700.0,15625000.0,2.6740975725128515,matrices/10_random_adj_mat_0.txt,10
0,10,4963300.0,0.0,3.2866373344477906,matrices/10_random_adj_mat_1.txt,10
0,10,5009800.0,0.0,3.4361012276327827,matrices/10_random_adj_mat_2.txt,10
0,10,4973800.0,15625000.0,3.344525838947534,matrices/10_random_adj_mat_3.txt,10
0,10,6354000.0,0.0,3.3156321142517613,matrices/10_random_adj_mat_4.txt,10
0,10,5859000.0,15625000.0,2.488287177562952,matrices/10_random_adj_mat_5.txt,10
0,10,8071700.0,0.0,2.885788573977387,matrices/10_random_adj_mat_6.txt,10
0,10,6424200.0,15625000.0,2.8794733968896247,matrices/10_random_adj_mat_7.txt,10
0,10,4556200.0,0.0,3.285565515191117,matrices/10_random_adj_mat_8.txt,10
0,10,5130100.0,15625000.0,3.203625687845126,matrices/10_random_adj_mat_9.txt,10
0,15,13783600.0,15625000.0,3.967889710510911,matrices/15_random_adj_mat_0.txt,10
0,15,8464300.0,0.0,4.397010293208725,matrices/15_random_adj_mat_1.txt,10
0,15,9310400.0,15625000.0,3.962199031075395,matrices/15_random_adj_mat_2.txt,10
0,15,8702100.0,15625000.0,3.6228354002044862,matrices/15_random_adj_mat_3.txt,10
0,15,7953300.0,0.0,3.7828619611524967,matrices/15_random_adj_mat_4.txt,10
0,15,10319600.0,15625000.0,3.6727921339488363,matrices/15_random_adj_mat_5.txt,10
0,15,7151800.0,15625000.0,3.4341478399594774,matrices/15_random_adj_mat_6.txt,10
0,15,11260400.0,0.0,3.6016776392762626,matrices/15_random_adj_mat_7.txt,10
0,15,9190000.0,15625000.0,3.6216053889819753,matrices/15_random_adj_mat_8.txt,10
0,15,10078600.0,15625000.0,3.8110210319167264,matrices/15_random_adj_mat_9.txt,10
0,20,11723900.0,15625000.0,4.79650898615649,matrices/20_random_adj_mat_0.txt,10
0,20,13008400.0,15625000.0,5.875310361074283,matrices/20_random_adj_mat_1.txt,10
0,20,14141100.0,15625000.0,6.0879911031504585,matrices/20_random_adj_mat_2.txt,10
0,20,12893000.0,15625000.0,5.460687252768402,matrices/20_random_adj_mat_3.txt,10
0,20,13072800.0,15625000.0,5.0837492421937185,matrices/20_random_adj_mat_4.txt,10
0,20,13484900.0,15625000.0,5.1434218861773875,matrices/20_random_adj_mat_5.txt,10
0,20,12071100.0,0.0,5.789585923040828,matrices/20_random_adj_mat_6.txt,10
0,20,14927400.0,15625000.0,4.148478481109098,matrices/20_random_adj_mat_7.txt,10
0,20,12047700.0,0.0,6.4040062653456005,matrices/20_random_adj_mat_8.txt,10
0,20,13450300.0,15625000.0,5.148002557668315,matrices/20_random_adj_mat_9.txt,10
0,25,19701400.0,31250000.0,6.138945041127627,matrices/25_random_adj_mat_0.txt,10
0,25,19988100.0,15625000.0,6.999414570690158,matrices/25_random_adj_mat_1.txt,10
0,25,20032300.0,15625000.0,6.4955484799197585,matrices/25_random_adj_mat_2.txt,10
0,25,19765500.0,31250000.0,5.79458404055148,matrices/25_random_adj_mat_3.txt,10
0,25,21837900.0,15625000.0,6.74051581690098,matrices/25_random_adj_mat_4.txt,10
0,25,18785000.0,31250000.0,7.498963728727996,matrices/25_random_adj_mat_5.txt,10
0,25,18015700.0,15625000.0,5.608232310868642,matrices/25_random_adj_mat_6.txt,10
0,25,15772800.0,15625000.0,7.729722652973753,matrices/25_random_adj_mat_7.txt,10
0,25,20408200.0,15625000.0,6.829135705303219,matrices/25_random_adj_mat_8.txt,10
0,25,19020400.0,31250000.0,6.556260340052935,matrices/25_random_adj_mat_9.txt,10
0,30,18472200.0,15625000.0,9.635533971667465,matrices/30_random_adj_mat_0.txt,10
0,30,26117000.0,31250000.0,8.201838493394472,matrices/30_random_adj_mat_1.txt,10
0,30,25133500.0,15625000.0,8.875705874453908,matrices/30_random_adj_mat_2.txt,10
0,30,24995400.0,15625000.0,8.70866500344318,matrices/30_random_adj_mat_3.txt,10
0,30,23039100.0,31250000.0,9.25436648092171,matrices/30_random_adj_mat_4.txt,10
0,30,24981700.0,15625000.0,8.184558136555443,matrices/30_random_adj_mat_5.txt,10
0,30,27707700.0,15625000.0,8.24875252493873,matrices/30_random_adj_mat_6.txt,10
0,30,28375000.0,15625000.0,8.509271464165813,matrices/30_random_adj_mat_7.txt,10
0,30,26027000.0,31250000.0,9.682178401927223,matrices/30_random_adj_mat_8.txt,10
0,30,27273300.0,31250000.0,7.74215477504174,matrices/30_random_adj_mat_9.txt,10
0,30,26990700.0,31250000.0,7.775606125703677,matrices/30_random_adj_mat_0.txt,10
0,30,24445900.0,15625000.0,7.853401824977576,matrices/30_random_adj_mat_1.txt,10
0,30,23517900.0,31250000.0,9.179719079546478,matrices/30_random_adj_mat_2.txt,10
0,30,26757300.0,31250000.0,8.938986551425677,matrices/30_random_adj_mat_3.txt,10
0,30,23974400.0,15625000.0,8.468044063537178,matrices/30_random_adj_mat_4.txt,10
0,30,23293400.0,15625000.0,7.920354959708946,matrices/30_random_adj_mat_5.txt,10
0,30,20708700.0,15625000.0,8.808171662250123,matrices/30_random_adj_mat_6.txt,10
0,30,25787000.0,15625000.0,8.259662836089554,matrices/30_random_adj_mat_7.txt,10
0,30,28394900.0,31250000.0,8.163310246976557,matrices/30_random_adj_mat_8.txt,10
0,30,22867000.0,31250000.0,8.177722903241024,matrices/30_random_adj_mat_9.txt,10
0,40,36228400.0,31250000.0,13.134373126317318,matrices/40_random_adj_mat_0.txt,10
0,40,41276800.0,46875000.0,10.769472714960244,matrices/40_random_adj_mat_1.txt,10
0,40,40440900.0,46875000.0,12.255293920081145,matrices/40_random_adj_mat_2.txt,10
0,40,42509500.0,31250000.0,9.878489246676446,matrices/40_random_adj_mat_3.txt,10
0,40,43894100.0,31250000.0,10.152240752562385,matrices/40_random_adj_mat_4.txt,10
0,40,38057800.0,46875000.0,12.351949299573407,matrices/40_random_adj_mat_5.txt,10
0,40,34404000.0,31250000.0,10.807979379094176,matrices/40_random_adj_mat_6.txt,10
0,40,34024300.0,31250000.0,11.243526780737815,matrices/40_random_adj_mat_7.txt,10
0,40,43647500.0,31250000.0,10.65773926759197,matrices/40_random_adj_mat_8.txt,10
0,40,44167200.0,31250000.0,12.30478984317223,matrices/40_random_adj_mat_9.txt,10
0,50,59470000.0,62500000.0,16.374623259748844,matrices/50_random_adj_mat_0.txt,10
0,50,63450500.0,62500000.0,14.347730610283527,matrices/50_random_adj_mat_1.txt,10
0,50,71698900.0,62500000.0,12.709142912814597,matrices/50_random_adj_mat_2.txt,10
0,50,55257800.0,46875000.0,14.283791129657166,matrices/50_random_adj_mat_3.txt,10
0,50,65687100.0,62500000.0,12.971638698383254,matrices/50_random_adj_mat_4.txt,10
0,50,53556700.0,62500000.0,14.248940930086139,matrices/50_random_adj_mat_5.txt,10
0,50,53062100.0,46875000.0,15.534035737515202,matrices/50_random_adj_mat_6.txt,10
0,50,54263200.0,62500000.0,15.712380013552865,matrices/50_random_adj_mat_7.txt,10
0,50,52165200.0,46875000.0,14.510788144247394,matrices/50_random_adj_mat_8.txt,10
0,50,53811600.0,62500000.0,13.631903970938712,matrices/50_random_adj_mat_9.txt,10
0,5,3784300.0,0.0,2.249612736828632,matrices/5_random_adj_mat_0.txt,25
0,5,3100300.0,0.0,2.4324100724478357,matrices/5_random_adj_mat_1.txt,25
0,5,3770500.0,15625000.0,2.092769076252572,matrices/5_random_adj_mat_2.txt,25
0,5,5597900.0,0.0,1.730408540073093,matrices/5_random_adj_mat_3.txt,25
0,5,5240300.0,0.0,1.8381227481602793,matrices/5_random_adj_mat_4.txt,25
0,5,5142400.0,0.0,2.907493662653474,matrices/5_random_adj_mat_5.txt,25
0,5,4866300.0,0.0,2.907678316977325,matrices/5_random_adj_mat_6.txt,25
0,5,5165700.0,15625000.0,2.72738402847107,matrices/5_random_adj_mat_7.txt,25
0,5,4365100.0,0.0,2.1307530483783985,matrices/5_random_adj_mat_8.txt,25
0,5,2781600.0,0.0,2.616055718212318,matrices/5_random_adj_mat_9.txt,25
0,6,4300200.0,0.0,2.6549481998199593,matrices/6_random_adj_mat_0.txt,25
0,6,4663600.0,0.0,2.3857942300953416,matrices/6_random_adj_mat_1.txt,25
0,6,5372000.0,15625000.0,2.5826910133607814,matrices/6_random_adj_mat_2.txt,25
0,6,5630800.0,0.0,2.6244799553107248,matrices/6_random_adj_mat_3.txt,25
0,6,7516100.0,0.0,2.204890873346207,matrices/6_random_adj_mat_4.txt,25
0,6,4112300.0,0.0,2.1213700507683013,matrices/6_random_adj_mat_5.txt,25
0,6,5860000.0,0.0,1.7547496920325507,matrices/6_random_adj_mat_6.txt,25
0,6,4029400.0,0.0,1.9668510853745371,matrices/6_random_adj_mat_7.txt,25
0,6,4574900.0,0.0,2.4785680059775683,matrices/6_random_adj_mat_8.txt,25
0,6,5581400.0,15625000.0,2.442624832178839,matrices/6_random_adj_mat_9.txt,25
0,7,7447900.0,0.0,2.5485158336662055,matrices/7_random_adj_mat_0.txt,25
0,7,6623000.0,15625000.0,2.1133715738835726,matrices/7_random_adj_mat_1.txt,25
0,7,6688400.0,0.0,2.765538655869785,matrices/7_random_adj_mat_2.txt,25
0,7,6867500.0,15625000.0,2.846818037575111,matrices/7_random_adj_mat_3.txt,25
0,7,7094300.0,0.0,2.490845941532837,matrices/7_random_adj_mat_4.txt,25
0,7,6172400.0,0.0,2.5723564469140525,matrices/7_random_adj_mat_5.txt,25
0,7,6860100.0,0.0,2.399317511596459,matrices/7_random_adj_mat_6.txt,25
0,7,5688800.0,0.0,2.8691626616349586,matrices/7_random_adj_mat_7.txt,25
0,7,6231000.0,0.0,2.3131457844957337,matrices/7_random_adj_mat_8.txt,25
0,7,5738500.0,0.0,1.9213979013365257,matrices/7_random_adj_mat_9.txt,25
0,8,9198300.0,15625000.0,2.1692532406726444,matrices/8_random_adj_mat_0.txt,25
0,8,7977600.0,0.0,2.617022360072963,matrices/8_random_adj_mat_1.txt,25
0,8,7727600.0,15625000.0,2.922101088853702,matrices/8_random_adj_mat_2.txt,25
0,8,7859600.0,0.0,2.5500304966934046,matrices/8_random_adj_mat_3.txt,25
0,8,8247400.0,15625000.0,2.259541309300535,matrices/8_random_adj_mat_4.txt,25
0,8,8709700.0,15625000.0,2.5947795613832856,matrices/8_random_adj_mat_5.txt,25
0,8,6827700.0,0.0,2.6801242091455992,matrices/8_random_adj_mat_6.txt,25
0,8,7617500.0,15625000.0,2.653053185766895,matrices/8_random_adj_mat_7.txt,25
0,8,8881700.0,0.0,2.9245232677730293,matrices/8_random_adj_mat_8.txt,25
0,8,8092500.0,15625000.0,2.3974053238819213,matrices/8_random_adj_mat_9.txt,25
0,9,13206300.0,15625000.0,2.761946756155129,matrices/9_random_adj_mat_0.txt,25
0,9,9155400.0,15625000.0,3.425061693053154,matrices/9_random_adj_mat_1.txt,25
0,9,9025200.0,0.0,2.976243492945899,matrices/9_random_adj_mat_2.txt,25
0,9,10839200.0,15625000.0,2.4796224566556866,matrices/9_random_adj_mat_3.txt,25
0,9,11759700.0,15625000.0,2.7487899806456584,matrices/9_random_adj_mat_4.txt,25
0,9,12898900.0,15625000.0,2.7163262667987818,matrices/9_random_adj_mat_5.txt,25
0,9,10717100.0,15625000.0,2.8945244142259123,matrices/9_random_adj_mat_6.txt,25
0,9,8705900.0,0.0,3.4309257711030496,matrices/9_random_adj_mat_7.txt,25
0,9,8962300.0,15625000.0,2.9485998664242388,matrices/9_random_adj_mat_8.txt,25
0,9,10707100.0,15625000.0,2.277175364426155,matrices/9_random_adj_mat_9.txt,25
0,10,8955200.0,0.0,2.4264022434978916,matrices/10_random_adj_mat_0.txt,25
0,10,10923200.0,15625000.0,2.91984797950471,matrices/10_random_adj_mat_1.txt,25
0,10,12800800.0,15625000.0,3.3513203310009425,matrices/10_random_adj_mat_2.txt,25
0,10,12794100.0,15625000.0,3.370484983121795,matrices/10_random_adj_mat_3.txt,25
0,10,14734400.0,15625000.0,3.30238243775926,matrices/10_random_adj_mat_4.txt,25
0,10,13864300.0,15625000.0,2.3833914675762835,matrices/10_random_adj_mat_5.txt,25
0,10,12355300.0,15625000.0,2.8914559521633945,matrices/10_random_adj_mat_6.txt,25
0,10,13637100.0,15625000.0,2.836224058799113,matrices/10_random_adj_mat_7.txt,25
0,10,11802800.0,15625000.0,2.983899143056186,matrices/10_random_adj_mat_8.txt,25
0,10,12491800.0,15625000.0,2.89516936860368,matrices/10_random_adj_mat_9.txt,25
0,15,25171000.0,15625000.0,4.130061227177212,matrices/15_random_adj_mat_0.txt,25
0,15,19790300.0,31250000.0,3.8833830768956825,matrices/15_random_adj_mat_1.txt,25
0,15,22250600.0,15625000.0,3.8546768264360076,matrices/15_random_adj_mat_2.txt,25
0,15,24015600.0,31250000.0,3.6968379143032,matrices/15_random_adj_mat_3.txt,25
0,15,23416700.0,15625000.0,3.6291009941612242,matrices/15_random_adj_mat_4.txt,25
0,15,24066500.0,15625000.0,3.7095170340771504,matrices/15_random_adj_mat_5.txt,25
0,15,24756500.0,31250000.0,3.434851894174936,matrices/15_random_adj_mat_6.txt,25
0,15,22348400.0,15625000.0,3.536967167860538,matrices/15_random_adj_mat_7.txt,25
0,15,21497900.0,15625000.0,3.7679701010544884,matrices/15_random_adj_mat_8.txt,25
0,15,25748800.0,31250000.0,3.80940244860932,matrices/15_random_adj_mat_9.txt,25
0,20,30139500.0,31250000.0,4.655706324830389,matrices/20_random_adj_mat_0.txt,25
0,20,30803100.0,31250000.0,5.850577707967522,matrices/20_random_adj_mat_1.txt,25
0,20,39740200.0,31250000.0,5.894427811066464,matrices/20_random_adj_mat_2.txt,25
0,20,34213500.0,46875000.0,5.27060014327091,matrices/20_random_adj_mat_3.txt,25
0,20,36236700.0,31250000.0,4.866563376393638,matrices/20_random_adj_mat_4.txt,25
0,20,33256600.0,31250000.0,5.144535115281173,matrices/20_random_adj_mat_5.txt,25
0,20,38607200.0,46875000.0,5.3560894641661125,matrices/20_random_adj_mat_6.txt,25
0,20,34182900.0,31250000.0,4.304454781900387,matrices/20_random_adj_mat_7.txt,25
0,20,30743700.0,31250000.0,6.063179298876626,matrices/20_random_adj_mat_8.txt,25
0,20,32926100.0,31250000.0,4.971098674250454,matrices/20_random_adj_mat_9.txt,25
0,25,49814400.0,46875000.0,6.187906891436269,matrices/25_random_adj_mat_0.txt,25
0,25,52319000.0,46875000.0,5.690439189587412,matrices/25_random_adj_mat_1.txt,25
0,25,52574200.0,62500000.0,6.170157034214738,matrices/25_random_adj_mat_2.txt,25
0,25,52041900.0,46875000.0,6.069573803048894,matrices/25_random_adj_mat_3.txt,25
0,25,52708500.0,62500000.0,6.3060084826783225,matrices/25_random_adj_mat_4.txt,25
0,25,49302100.0,46875000.0,7.674462466270665,matrices/25_random_adj_mat_5.txt,25
0,25,49330600.0,46875000.0,5.427123982241983,matrices/25_random_adj_mat_6.txt,25
0,25,49516400.0,46875000.0,6.659410392859958,matrices/25_random_adj_mat_7.txt,25
0,25,45318400.0,46875000.0,6.714332635642736,matrices/25_random_adj_mat_8.txt,25
0,25,48603200.0,62500000.0,6.358612915483852,matrices/25_random_adj_mat_9.txt,25
0,30,61991700.0,62500000.0,8.345529689140088,matrices/30_random_adj_mat_0.txt,25
0,30,62312400.0,62500000.0,8.193727682569081,matrices/30_random_adj_mat_1.txt,25
0,30,67736700.0,62500000.0,8.343760035101242,matrices/30_random_adj_mat_2.txt,25
0,30,59410600.0,62500000.0,8.363857704539939,matrices/30_random_adj_mat_3.txt,25
0,30,66183300.0,62500000.0,7.5859253959287685,matrices/30_random_adj_mat_4.txt,25
0,30,63616300.0,62500000.0,8.418593082175674,matrices/30_random_adj_mat_5.txt,25
0,30,67394200.0,62500000.0,7.52235392965689,matrices/30_random_adj_mat_6.txt,25
0,30,54929300.0,62500000.0,8.301454397452654,matrices/30_random_adj_mat_7.txt,25
0,30,65797700.0,62500000.0,8.03880311995309,matrices/30_random_adj_mat_8.txt,25
0,30,61088100.0,62500000.0,7.459998786994202,matrices/30_random_adj_mat_9.txt,25
0,30,68302200.0,62500000.0,8.083444807870784,matrices/30_random_adj_mat_0.txt,25
0,30,60271600.0,46875000.0,7.803105631117663,matrices/30_random_adj_mat_1.txt,25
0,30,62150100.0,62500000.0,8.866569229008038,matrices/30_random_adj_mat_2.txt,25
0,30,69408100.0,62500000.0,8.186437913785495,matrices/30_random_adj_mat_3.txt,25
0,30,62250300.0,62500000.0,8.248120752771394,matrices/30_random_adj_mat_4.txt,25
0,30,62233600.0,62500000.0,8.940174893385292,matrices/30_random_adj_mat_5.txt,25
0,30,60713900.0,62500000.0,7.435513070259904,matrices/30_random_adj_mat_6.txt,25
0,30,64873500.0,62500000.0,7.465876327629868,matrices/30_random_adj_mat_7.txt,25
0,30,58858000.0,46875000.0,8.675044025515902,matrices/30_random_adj_mat_8.txt,25
0,30,53295300.0,62500000.0,7.788362391854244,matrices/30_random_adj_mat_9.txt,25
0,40,101470600.0,93750000.0,11.259432377203645,matrices/40_random_adj_mat_0.txt,25
0,40,99239200.0,93750000.0,11.055889063887351,matrices/40_random_adj_mat_1.txt,25
0,40,99726900.0,93750000.0,11.932837505359144,matrices/40_random_adj_mat_2.txt,25
0,40,96883700.0,109375000.0,11.199211554604698,matrices/40_random_adj_mat_3.txt,25
0,40,98470400.0,93750000.0,10.699236441768964,matrices/40_random_adj_mat_4.txt,25
0,40,97427800.0,93750000.0,11.613976654980803,matrices/40_random_adj_mat_5.txt,25
0,40,107713200.0,109375000.0,10.371188074516821,matrices/40_random_adj_mat_6.txt,25
0,40,107890500.0,109375000.0,10.561107036161607,matrices/40_random_adj_mat_7.txt,25
0,40,108453500.0,109375000.0,10.446727892490415,matrices/40_random_adj_mat_8.txt,25
0,40,103143300.0,93750000.0,11.275534288412748,matrices/40_random_adj_mat_9.txt,25
0,50,147785500.0,156250000.0,15.313478883751827,matrices/50_random_adj_mat_0.txt,25
0,50,155407000.0,156250000.0,12.988283302288295,matrices/50_random_adj_mat_1.txt,25
0,50,139941500.0,140625000.0,11.694303530389616,matrices/50_random_adj_mat_2.txt,25
0,50,152797000.0,156250000.0,13.088686992914782,matrices/50_random_adj_mat_3.txt,25
0,50,144376700.0,140625000.0,14.761555153654859,matrices/50_random_adj_mat_4.txt,25
0,50,138695000.0,140625000.0,14.314530160578633,matrices/50_random_adj_mat_5.txt,25
0,50,144117700.0,140625000.0,14.869176419543166,matrices/50_random_adj_mat_6.txt,25
0,50,153517100.0,140625000.0,14.077083233771383,matrices/50_random_adj_mat_7.txt,25
0,50,182044500.0,187500000.0,11.752091918513566,matrices/50_random_adj_mat_8.txt,25
0,50,159987900.0,156250000.0,12.358030567926047,matrices/50_random_adj_mat_9.txt,25
0,5,9520100.0,0.0,2.249612736828632,matrices/5_random_adj_mat_0.txt,50
0,5,5792500.0,0.0,2.4324100724478357,matrices/5_random_adj_mat_1.txt,50
0,5,10726900.0,15625000.0,2.092769076252572,matrices/5_random_adj_mat_2.txt,50
0,5,8613900.0,0.0,1.730408540073093,matrices/5_random_adj_mat_3.txt,50
0,5,6434200.0,15625000.0,1.8381227481602793,matrices/5_random_adj_mat_4.txt,50
0,5,7465400.0,0.0,2.907493662653474,matrices/5_random_adj_mat_5.txt,50
0,5,7493600.0,0.0,2.907678316977325,matrices/5_random_adj_mat_6.txt,50
0,5,6146400.0,0.0,2.72738402847107,matrices/5_random_adj_mat_7.txt,50
0,5,11337600.0,0.0,2.1307530483783985,matrices/5_random_adj_mat_8.txt,50
0,5,5765000.0,15625000.0,2.616055718212318,matrices/5_random_adj_mat_9.txt,50
0,6,8428200.0,0.0,2.6549481998199593,matrices/6_random_adj_mat_0.txt,50
0,6,9465300.0,0.0,2.3857942300953416,matrices/6_random_adj_mat_1.txt,50
0,6,9826700.0,15625000.0,2.5826910133607814,matrices/6_random_adj_mat_2.txt,50
0,6,9783000.0,15625000.0,2.6244799553107248,matrices/6_random_adj_mat_3.txt,50
0,6,10290400.0,0.0,2.204890873346207,matrices/6_random_adj_mat_4.txt,50
0,6,9423700.0,15625000.0,2.1213700507683013,matrices/6_random_adj_mat_5.txt,50
0,6,9590000.0,15625000.0,1.7547496920325507,matrices/6_random_adj_mat_6.txt,50
0,6,8664100.0,0.0,1.9668510853745371,matrices/6_random_adj_mat_7.txt,50
0,6,8113000.0,15625000.0,2.4785680059775683,matrices/6_random_adj_mat_8.txt,50
0,6,10498900.0,15625000.0,2.442624832178839,matrices/6_random_adj_mat_9.txt,50
0,7,13272500.0,15625000.0,2.5485158336662055,matrices/7_random_adj_mat_0.txt,50
0,7,13905900.0,15625000.0,2.1133715738835726,matrices/7_random_adj_mat_1.txt,50
0,7,12860500.0,15625000.0,2.765538655869785,matrices/7_random_adj_mat_2.txt,50
0,7,12720000.0,15625000.0,2.846818037575111,matrices/7_random_adj_mat_3.txt,50
0,7,13084600.0,0.0,2.490845941532837,matrices/7_random_adj_mat_4.txt,50
0,7,11464000.0,0.0,2.5723564469140525,matrices/7_random_adj_mat_5.txt,50
0,7,13005500.0,15625000.0,2.399317511596459,matrices/7_random_adj_mat_6.txt,50
0,7,12802600.0,15625000.0,2.869162661634958,matrices/7_random_adj_mat_7.txt,50
0,7,11532400.0,15625000.0,2.3131457844957337,matrices/7_random_adj_mat_8.txt,50
0,7,11379500.0,15625000.0,1.9213979013365257,matrices/7_random_adj_mat_9.txt,50
0,8,14406600.0,15625000.0,2.1692532406726444,matrices/8_random_adj_mat_0.txt,50
0,8,15616500.0,15625000.0,2.617022360072963,matrices/8_random_adj_mat_1.txt,50
0,8,16049400.0,15625000.0,2.922101088853702,matrices/8_random_adj_mat_2.txt,50
0,8,18651700.0,15625000.0,2.5500304966934046,matrices/8_random_adj_mat_3.txt,50
0,8,15746100.0,15625000.0,2.2595413093005345,matrices/8_random_adj_mat_4.txt,50
0,8,16402500.0,31250000.0,2.5947795613832856,matrices/8_random_adj_mat_5.txt,50
0,8,14311800.0,0.0,2.6801242091455992,matrices/8_random_adj_mat_6.txt,50
0,8,14605600.0,15625000.0,2.653053185766895,matrices/8_random_adj_mat_7.txt,50
0,8,15181500.0,15625000.0,2.9245232677730284,matrices/8_random_adj_mat_8.txt,50
0,8,12509600.0,0.0,2.3974053238819213,matrices/8_random_adj_mat_9.txt,50
0,9,21913700.0,15625000.0,2.7619467561551287,matrices/9_random_adj_mat_0.txt,50
0,9,20323100.0,15625000.0,3.4250616930531534,matrices/9_random_adj_mat_1.txt,50
0,9,18535900.0,31250000.0,2.976243492945899,matrices/9_random_adj_mat_2.txt,50
0,9,20765100.0,15625000.0,2.4796224566556866,matrices/9_random_adj_mat_3.txt,50
0,9,20230300.0,15625000.0,2.748789980645658,matrices/9_random_adj_mat_4.txt,50
0,9,20272300.0,15625000.0,2.7163262667987813,matrices/9_random_adj_mat_5.txt,50
0,9,21285700.0,15625000.0,2.8945244142259123,matrices/9_random_adj_mat_6.txt,50
0,9,19741500.0,31250000.0,3.4309257711030487,matrices/9_random_adj_mat_7.txt,50
0,9,18525200.0,15625000.0,2.9485998664242383,matrices/9_random_adj_mat_8.txt,50
0,9,22282300.0,15625000.0,2.2509074693075624,matrices/9_random_adj_mat_9.txt,50
0,10,24838200.0,15625000.0,2.4264022434978916,matrices/10_random_adj_mat_0.txt,50
0,10,21135700.0,31250000.0,2.91984797950471,matrices/10_random_adj_mat_1.txt,50
0,10,26842400.0,15625000.0,3.351320331000942,matrices/10_random_adj_mat_2.txt,50
0,10,26444100.0,15625000.0,3.2978052121300085,matrices/10_random_adj_mat_3.txt,50
0,10,23740800.0,31250000.0,3.2268629179918995,matrices/10_random_adj_mat_4.txt,50
0,10,22451300.0,15625000.0,2.383391467576284,matrices/10_random_adj_mat_5.txt,50
0,10,26220600.0,31250000.0,2.8527480232166775,matrices/10_random_adj_mat_6.txt,50
0,10,26565800.0,31250000.0,2.836224058799113,matrices/10_random_adj_mat_7.txt,50
0,10,26187400.0,31250000.0,2.9838991430561856,matrices/10_random_adj_mat_8.txt,50
0,10,23560900.0,15625000.0,2.828184716381501,matrices/10_random_adj_mat_9.txt,50
0,15,44771200.0,46875000.0,4.266249370952994,matrices/15_random_adj_mat_0.txt,50
0,15,42000700.0,31250000.0,3.5591594521452787,matrices/15_random_adj_mat_1.txt,50
0,15,46323700.0,46875000.0,3.79769470305795,matrices/15_random_adj_mat_2.txt,50
0,15,40141200.0,46875000.0,3.270939632145201,matrices/15_random_adj_mat_3.txt,50
0,15,43615300.0,46875000.0,3.9167312093847224,matrices/15_random_adj_mat_4.txt,50
0,15,43525100.0,46875000.0,3.2522497274976754,matrices/15_random_adj_mat_5.txt,50
0,15,45474600.0,46875000.0,3.3607825223399947,matrices/15_random_adj_mat_6.txt,50
0,15,44698000.0,46875000.0,3.2280629578171323,matrices/15_random_adj_mat_7.txt,50
0,15,47005300.0,46875000.0,2.995120533119722,matrices/15_random_adj_mat_8.txt,50
0,15,43260600.0,46875000.0,3.604325395125946,matrices/15_random_adj_mat_9.txt,50
0,20,71878600.0,62500000.0,4.53991433296812,matrices/20_random_adj_mat_0.txt,50
0,20,71036500.0,78125000.0,6.191081445818358,matrices/20_random_adj_mat_1.txt,50
0,20,77515400.0,78125000.0,5.360799306073544,matrices/20_random_adj_mat_2.txt,50
0,20,69718600.0,78125000.0,5.2966090922050215,matrices/20_random_adj_mat_3.txt,50
0,20,66724800.0,62500000.0,4.883755912907681,matrices/20_random_adj_mat_4.txt,50
0,20,66199600.0,62500000.0,4.938825224084191,matrices/20_random_adj_mat_5.txt,50
0,20,70883300.0,78125000.0,4.7923206781416425,matrices/20_random_adj_mat_6.txt,50
0,20,67398900.0,62500000.0,4.19179630987541,matrices/20_random_adj_mat_7.txt,50
0,20,67821800.0,62500000.0,5.502929577506178,matrices/20_random_adj_mat_8.txt,50
0,20,68773700.0,62500000.0,5.230306777891573,matrices/20_random_adj_mat_9.txt,50
0,25,95954800.0,109375000.0,5.47457223068553,matrices/25_random_adj_mat_0.txt,50
0,25,100802600.0,93750000.0,6.044518421058033,matrices/25_random_adj_mat_1.txt,50
0,25,101758100.0,109375000.0,5.730088756142166,matrices/25_random_adj_mat_2.txt,50
0,25,92803800.0,93750000.0,6.369194412702437,matrices/25_random_adj_mat_3.txt,50
0,25,96813100.0,93750000.0,6.978963398482607,matrices/25_random_adj_mat_4.txt,50
0,25,96021200.0,93750000.0,7.252428861902785,matrices/25_random_adj_mat_5.txt,50
0,25,101781800.0,109375000.0,5.2872640659542585,matrices/25_random_adj_mat_6.txt,50
0,25,92178000.0,93750000.0,6.840331914518831,matrices/25_random_adj_mat_7.txt,50
0,25,96457800.0,93750000.0,6.015373022316489,matrices/25_random_adj_mat_8.txt,50
0,25,98543600.0,109375000.0,5.963423669813155,matrices/25_random_adj_mat_9.txt,50
0,30,129679100.0,125000000.0,8.124465620462919,matrices/30_random_adj_mat_0.txt,50
0,30,122009900.0,125000000.0,7.170387817785017,matrices/30_random_adj_mat_1.txt,50
0,30,127184800.0,125000000.0,7.8729118728221605,matrices/30_random_adj_mat_2.txt,50
0,30,125889100.0,125000000.0,8.025777092043423,matrices/30_random_adj_mat_3.txt,50
0,30,120029300.0,109375000.0,7.109209347412355,matrices/30_random_adj_mat_4.txt,50
0,30,121326000.0,125000000.0,8.688428400961344,matrices/30_random_adj_mat_5.txt,50
0,30,130175000.0,140625000.0,7.925590134524663,matrices/30_random_adj_mat_6.txt,50
0,30,136971500.0,125000000.0,7.809605109759371,matrices/30_random_adj_mat_7.txt,50
0,30,133743100.0,140625000.0,8.119578439662702,matrices/30_random_adj_mat_8.txt,50
0,30,139349800.0,140625000.0,7.156795227599001,matrices/30_random_adj_mat_9.txt,50
0,30,124855300.0,125000000.0,7.777980819519919,matrices/30_random_adj_mat_0.txt,50
0,30,129280200.0,125000000.0,8.055504953052894,matrices/30_random_adj_mat_1.txt,50
0,30,124151600.0,125000000.0,8.257315249305375,matrices/30_random_adj_mat_2.txt,50
0,30,126249000.0,125000000.0,8.302697043555902,matrices/30_random_adj_mat_3.txt,50
0,30,120063000.0,125000000.0,8.081295324712992,matrices/30_random_adj_mat_4.txt,50
0,30,144445800.0,140625000.0,8.95513689501681,matrices/30_random_adj_mat_5.txt,50
0,30,138173900.0,140625000.0,7.531810247783218,matrices/30_random_adj_mat_6.txt,50
0,30,126805300.0,125000000.0,8.041206005955535,matrices/30_random_adj_mat_7.txt,50
0,30,126509800.0,125000000.0,8.000258415869299,matrices/30_random_adj_mat_8.txt,50
0,30,125766200.0,125000000.0,7.440476891200422,matrices/30_random_adj_mat_9.txt,50
0,40,207238100.0,218750000.0,11.19402327158832,matrices/40_random_adj_mat_0.txt,50
0,40,204390300.0,203125000.0,9.870011144537203,matrices/40_random_adj_mat_1.txt,50
0,40,210954100.0,218750000.0,10.637738917411781,matrices/40_random_adj_mat_2.txt,50
0,40,204510800.0,203125000.0,10.677244227319013,matrices/40_random_adj_mat_3.txt,50
0,40,211649900.0,203125000.0,10.173147081961412,matrices/40_random_adj_mat_4.txt,50
0,40,198693800.0,203125000.0,10.734554216148293,matrices/40_random_adj_mat_5.txt,50
0,40,205004900.0,203125000.0,9.729909199839325,matrices/40_random_adj_mat_6.txt,50
0,40,209042700.0,203125000.0,10.397316654237926,matrices/40_random_adj_mat_7.txt,50
0,40,197118200.0,203125000.0,9.80362729404404,matrices/40_random_adj_mat_8.txt,50
0,40,198534000.0,187500000.0,11.146371860348832,matrices/40_random_adj_mat_9.txt,50
0,50,283648100.0,281250000.0,13.39204195724995,matrices/50_random_adj_mat_0.txt,50
0,50,282110100.0,281250000.0,13.54045946889804,matrices/50_random_adj_mat_1.txt,50
0,50,280216000.0,281250000.0,12.53370663925688,matrices/50_random_adj_mat_2.txt,50
0,50,301195200.0,296875000.0,12.698281740710389,matrices/50_random_adj_mat_3.txt,50
0,50,298826000.0,312500000.0,12.874185445799588,matrices/50_random_adj_mat_4.txt,50
0,50,294595000.0,281250000.0,13.682314402753216,matrices/50_random_adj_mat_5.txt,50
0,50,302979300.0,281250000.0,13.903305892263932,matrices/50_random_adj_mat_6.txt,50
0,50,299420800.0,296875000.0,12.135212143874108,matrices/50_random_adj_mat_7.txt,50
0,50,291933400.0,296875000.0,11.468763533279695,matrices/50_random_adj_mat_8.txt,50
0,50,280811800.0,281250000.0,11.754324386352067,matrices/50_random_adj_mat_9.txt,50
