,med_cost,restarts
0,2.249612736828632,"[np.float64(2.512990936934534), np.float64(2.505566326698087), np.float64(2.2496127368286323)]"
0,2.4324100724478357,"[np.float64(2.6490455050318436), np.float64(2.4324100724478357)]"
0,2.092769076252572,"[np.float64(3.8712537072125905), np.float64(3.866800710507005), np.float64(3.4994863968987486), np.float64(2.100992222549241), np.float64(2.092769076252572)]"
0,1.730408540073093,"[np.float64(2.634300360716915), np.float64(1.7304085400730933)]"
0,1.8381227481602793,"[np.float64(1.881722492047313), np.float64(1.876995531638583), np.float64(1.8381227481602795)]"
0,2.907493662653474,"[np.float64(3.3784736225941376), np.float64(2.984160076717891), np.float64(2.907493662653474)]"
0,2.907678316977325,"[np.float64(3.37108620555157), np.float64(3.3367294249884916), np.float64(3.2651995763921144), np.float64(3.214554501830816), np.float64(2.907678316977325)]"
0,2.72738402847107,[np.float64(2.7273840284710706)]
0,2.1307530483783985,"[np.float64(3.293555612437735), np.float64(3.057513910160656), np.float64(2.130753048378399)]"
0,2.616055718212318,"[np.float64(3.116463662533276), np.float64(3.004615679462609), np.float64(2.7376458772229295), np.float64(2.616055718212318)]"
0,2.6549481998199593,"[np.float64(3.321652176338676), np.float64(2.8645704576283237), np.float64(2.6549481998199593)]"
0,2.3857942300953416,"[np.float64(4.46257694563409), np.float64(4.192678349215825), np.float64(2.9224612385527124), np.float64(2.899225304202207), np.float64(2.867026030487705), np.float64(2.7958957774084565), np.float64(2.5764273616082813), np.float64(2.467254903724776), np.float64(2.3857942300953416)]"
0,2.5826910133607814,"[np.float64(4.334702939093936), np.float64(3.402889098709894), np.float64(2.6164382411405254)]"
0,2.6244799553107248,"[np.float64(3.2666633051878033), np.float64(2.8368267717294815), np.float64(2.7469284349814336), np.float64(2.7150841173931273)]"
0,2.204890873346207,"[np.float64(3.661742638091261), np.float64(3.5506364100090444), np.float64(3.4408033079054436), np.float64(2.673655327999981), np.float64(2.651260807378266), np.float64(2.5401545792960496), np.float64(2.439904661446438), np.float64(2.328290340189239), np.float64(2.204890873346207)]"
0,2.1213700507683013,"[np.float64(3.029058877654863), np.float64(2.9307466608333415), np.float64(2.1213700507683013)]"
0,1.7547496920325507,"[np.float64(2.7231116585841857), np.float64(2.6852756484150087), np.float64(1.985591706148822), np.float64(1.8049838148407598), np.float64(1.7547496920325507)]"
0,1.9668510853745371,"[np.float64(3.1367422699554757), np.float64(2.840364539101601), np.float64(2.2731157749946873), np.float64(1.9668510853745373)]"
0,2.4785680059775688,"[np.float64(3.3397309820799457), np.float64(2.4785680059775688)]"
0,2.442624832178839,"[np.float64(3.4579145967156335), np.float64(3.113214342103989), np.float64(2.913304434122705), np.float64(2.907867320531557), np.float64(2.6215125053624266), np.float64(2.4525779741476916), np.float64(2.4426248321788395)]"
0,2.5485158336662055,"[np.float64(4.017096100946321), np.float64(3.9079449893396627), np.float64(3.8837160436655367), np.float64(2.9362355687930095), np.float64(2.8421908018760433), np.float64(2.659352974363941)]"
0,2.1133715738835726,"[np.float64(3.587911718822515), np.float64(3.413127073168955), np.float64(2.440122895002131), np.float64(2.2203345181120215), np.float64(2.113371573883573)]"
0,2.765538655869785,"[np.float64(3.8306700998497902), np.float64(2.999887600706888), np.float64(2.8872672975779263), np.float64(2.765538655869785)]"
0,2.846818037575111,"[np.float64(3.760982014759348), np.float64(3.542295514183049), np.float64(3.471092269376295), np.float64(3.2526889815672058), np.float64(3.225685152605819), np.float64(3.0371926800399494), np.float64(3.023002996268966), np.float64(2.846818037575111)]"
0,2.490845941532837,"[np.float64(4.678110610030081), np.float64(3.565599728994457), np.float64(2.8164338680771968), np.float64(2.4908459415328372)]"
0,2.5723564469140525,"[np.float64(3.7138147585804777), np.float64(3.2323403096056382), np.float64(3.1401467722836345), np.float64(3.058340767432992), np.float64(2.572356446914053)]"
0,2.399317511596459,"[np.float64(3.321397738958764), np.float64(3.265496225231154), np.float64(3.206269468963696), np.float64(3.0555877635536133), np.float64(3.0538756313924904), np.float64(2.812303491884493), np.float64(2.693330378417286), np.float64(2.4448035227533667)]"
0,2.869162661634958,"[np.float64(3.791239016715621), np.float64(3.2595807267772083), np.float64(3.0414044900383357), np.float64(3.021101312521519), np.float64(2.9150211715806718)]"
0,2.3131457844957337,"[np.float64(3.8432363082691685), np.float64(3.43503613684558), np.float64(3.0366684326918536), np.float64(2.9891378172020726), np.float64(2.790366585458652), np.float64(2.499723714921385), np.float64(2.313145784495734)]"
0,1.9213979013365257,"[np.float64(2.7755253618879294), np.float64(2.303297202794263), np.float64(2.271513353314176), np.float64(2.2382050939877915), np.float64(2.2343096227324635)]"
0,2.1692532406726444,"[np.float64(2.9982990357591452), np.float64(2.495167092382064), np.float64(2.425818965030542), np.float64(2.413336397091526), np.float64(2.180259654423906), np.float64(2.169253240672645)]"
0,2.617022360072963,"[np.float64(3.717961421073148), np.float64(3.2376737757899208), np.float64(3.163292092979419), np.float64(2.931947173037468), np.float64(2.744353565789672)]"
0,2.922101088853702,"[np.float64(4.26032594094489), np.float64(4.184711231394849), np.float64(3.9932663271496076), np.float64(3.9086458562055713), np.float64(3.552196885805327), np.float64(3.404232533822634), np.float64(3.288961363016786), np.float64(3.2884932484843743), np.float64(3.23917529665688), np.float64(3.1930659400265182)]"
0,2.5500304966934046,"[np.float64(4.353943255929021), np.float64(3.329501816147248), np.float64(3.0956798473376144), np.float64(3.0644311839769185), np.float64(3.0307325844297104), np.float64(2.7439714326622706), np.float64(2.610732458409586)]"
0,2.2595413093005345,"[np.float64(3.312707750141756), np.float64(3.1871114860338916), np.float64(2.9800962525966215), np.float64(2.4020270434871995)]"
0,2.5947795613832856,"[np.float64(4.185423293233924), np.float64(3.914147174776548), np.float64(3.656729829402196), np.float64(3.6217836126856264), np.float64(3.5465901695403512), np.float64(3.4641250354853983), np.float64(3.158457954867517), np.float64(3.0134933322164215), np.float64(2.6614813840181117), np.float64(2.6414412178753333)]"
0,2.6801242091455992,"[np.float64(4.179595363677526), np.float64(4.123780430265846), np.float64(3.492795266934554), np.float64(3.1920582153867536), np.float64(2.899427575870039), np.float64(2.809348811602351), np.float64(2.716863450244099)]"
0,2.653053185766895,"[np.float64(3.7597168002743158), np.float64(3.7386366195394536), np.float64(3.581218510645842), np.float64(3.1979128954779816), np.float64(3.057349041773079), np.float64(2.6530531857668955)]"
0,2.9245232677730293,"[np.float64(5.204736523911156), np.float64(4.991750140169323), np.float64(4.209765539077886), np.float64(3.549660548008001), np.float64(3.4438080849186754), np.float64(2.9495958253145265)]"
0,2.3974053238819213,"[np.float64(3.3198860780573813), np.float64(3.200777954565899), np.float64(2.9382751339534368)]"
0,2.761946756155129,"[np.float64(4.87763050497003), np.float64(4.857825983180109), np.float64(4.852326140853512), np.float64(4.515665112204256), np.float64(3.4438454235068336), np.float64(3.059738819857641), np.float64(3.0543311434063805), np.float64(3.0483242814718157), np.float64(2.8030371210472507), np.float64(2.7633804953539634)]"
0,3.4250616930531534,"[np.float64(5.867231985790282), np.float64(5.276266015643862), np.float64(4.979846511468299), np.float64(4.96919982783195), np.float64(4.453699385302631), np.float64(4.180757852053063)]"
0,2.976243492945899,"[np.float64(4.894638520936292), np.float64(4.711078587357519), np.float64(4.436223959417432), np.float64(4.36048144678839), np.float64(4.228648898922044), np.float64(3.9266691047076803), np.float64(3.7721686037551727), np.float64(3.7704176272959726), np.float64(3.71361060176661), np.float64(3.5625950443237873)]"
0,2.4796224566556866,"[np.float64(3.101605175653557), np.float64(3.0732837329352036), np.float64(2.97749563790595), np.float64(2.9671055955553647), np.float64(2.552251132892907)]"
0,2.748789980645658,"[np.float64(4.5983051100991785), np.float64(3.722275204044351), np.float64(3.6585280328061733), np.float64(3.619787978555716), np.float64(3.469396457376809), np.float64(3.404292224920261), np.float64(3.321499672899793), np.float64(3.0359859742576445), np.float64(2.998265276522675), np.float64(2.8654316247569143)]"
0,2.7163262667987813,"[np.float64(5.561530508484969), np.float64(5.5346331604945185), np.float64(5.067215336807619), np.float64(4.749226056065009), np.float64(4.468993286555042), np.float64(3.619155216612994), np.float64(3.6097186964440815), np.float64(3.5211956068512342), np.float64(3.204575684794968), np.float64(2.735829266110626)]"
0,2.8945244142259123,"[np.float64(4.486873218293738), np.float64(4.467651557860079), np.float64(3.777648092830938), np.float64(3.6851275303138076), np.float64(3.582613230105057), np.float64(3.4442980585661154), np.float64(3.23241714940102), np.float64(3.0368444567038333), np.float64(2.982113850340423)]"
0,3.4309257711030487,"[np.float64(4.920816811648225), np.float64(4.459334875322542), np.float64(4.2235612115583), np.float64(3.904844166208237), np.float64(3.888109820981583)]"
0,2.9485998664242383,"[np.float64(4.686525519697478), np.float64(4.684919964358494), np.float64(4.238727375275504), np.float64(4.237121819936519), np.float64(4.235979481016699), np.float64(4.120824103613287), np.float64(3.66755674167472), np.float64(3.5676948919396225), np.float64(3.529847876522805), np.float64(3.4588879165792097)]"
0,2.2509074693075624,"[np.float64(3.762108131029377), np.float64(3.681401460253113), np.float64(3.3952044448358856), np.float64(3.3205903902277516), np.float64(2.943663487617835), np.float64(2.9020755806293117), np.float64(2.890034002852812)]"
0,2.426402243497891,"[np.float64(4.744422542235771), np.float64(4.728169877091519), np.float64(4.1626580966141), np.float64(3.5110819738873484), np.float64(3.4042810345221386), np.float64(3.2885127943507704), np.float64(3.2312678840978717), np.float64(2.90622325273861)]"
0,2.91984797950471,"[np.float64(5.7841587987255405), np.float64(4.927580527933787), np.float64(4.700485953410902), np.float64(4.279531208012806), np.float64(4.0702825513031575), np.float64(3.8230151013603084), np.float64(3.8062204245452964), np.float64(3.373805630286557), np.float64(3.3508964778944748), np.float64(3.11144950612477), np.float64(3.0494234999078644), np.float64(2.91984797950471)]"
0,3.351320331000942,"[np.float64(6.05192524413948), np.float64(5.7046670701442), np.float64(4.894756465079848), np.float64(4.834359973091464), np.float64(4.811446767392908), np.float64(4.575217934089857), np.float64(4.022045176736943), np.float64(3.8598586117847224), np.float64(3.668523241979612), np.float64(3.4275842484945906), np.float64(3.3513203310009425)]"
0,3.297805212130009,"[np.float64(5.263459797257567), np.float64(4.877600557678354), np.float64(4.303832653430376), np.float64(3.8586044668857333), np.float64(3.374853430632619), np.float64(3.3705501414637884)]"
0,3.2268629179918995,"[np.float64(4.821915729133226), np.float64(4.817583789064488), np.float64(4.616738658933334), np.float64(4.522444927425175), np.float64(4.31745164460351), np.float64(3.798868542726552), np.float64(3.635492202968769)]"
0,2.334051028911733,"[np.float64(4.678376452557851), np.float64(4.623626854797684), np.float64(4.396456704455247), np.float64(3.960139533011148), np.float64(3.516373210627679), np.float64(3.062186648876503), np.float64(2.763770266716169), np.float64(2.653721696914458), np.float64(2.5950700340151394)]"
0,2.8527480232166775,"[np.float64(6.691332679477805), np.float64(5.761342731554857), np.float64(5.483615174755991), np.float64(4.859816680640351), np.float64(4.845575098014746), np.float64(4.49024139460811), np.float64(4.445546409073472), np.float64(4.421110141143214), np.float64(3.802904293699476), np.float64(3.6138807945370646), np.float64(3.4631018573505963)]"
0,2.836224058799113,"[np.float64(5.66375382894192), np.float64(5.060225010712983), np.float64(4.509187225098986), np.float64(4.448200199991003), np.float64(3.9931427538530206), np.float64(3.8825864388178086), np.float64(3.6482721109037435), np.float64(3.0773058855526396)]"
0,2.9838991430561856,"[np.float64(6.567002906980404), np.float64(6.559907713026797), np.float64(6.457157637799183), np.float64(5.746042345163575), np.float64(5.600317065140426), np.float64(5.581596424976171), np.float64(5.449034388018811), np.float64(5.262319454989714), np.float64(5.116676010389782), np.float64(4.402562008415223), np.float64(3.7508364779375922), np.float64(3.4548720264433017), np.float64(3.1180689584896237), np.float64(2.9922735580489253)]"
0,2.828184716381501,"[np.float64(5.973128189322511), np.float64(5.504901023739052), np.float64(5.481001228066839), np.float64(5.0763916738688515), np.float64(4.648633467739742), np.float64(4.403516354318336), np.float64(4.052516190153295), np.float64(3.944175171553638), np.float64(3.7458327715650936), np.float64(3.4761867331085767)]"
0,4.069357103628063,"[np.float64(7.790775807617721), np.float64(7.768430172402497), np.float64(7.445986944494799), np.float64(6.75581372900455), np.float64(6.49914362720665), np.float64(6.396748553678386), np.float64(6.21511570410657), np.float64(5.961204939816648), np.float64(5.619542497550459), np.float64(5.510571811880005), np.float64(5.308649878997045)]"
0,3.6078797360911414,"[np.float64(6.750532481139091), np.float64(6.395979870333595), np.float64(6.2865463128622645), np.float64(6.2025274394208365), np.float64(5.42995878015386), np.float64(4.859768372561635), np.float64(4.807572289819682), np.float64(4.588539855678122), np.float64(3.864655858831042), np.float64(3.863377258658752), np.float64(3.831674138796543), np.float64(3.731965095441516), np.float64(3.671338850464642)]"
0,3.4847343032388074,"[np.float64(7.49453836562031), np.float64(7.139942519293274), np.float64(6.872088063055478), np.float64(6.688994498252112), np.float64(6.594732771194496), np.float64(6.527987314802599), np.float64(5.901160116900102), np.float64(5.073854214149619), np.float64(4.9622772217566125), np.float64(4.918318756596706)]"
0,3.3329025057570365,"[np.float64(7.908103779458994), np.float64(7.708514653501689), np.float64(7.610344116715609), np.float64(7.135189121682776), np.float64(6.999013023539553), np.float64(6.191115375589746), np.float64(6.113384856122948), np.float64(6.027458010741808), np.float64(5.646154170374338), np.float64(5.52866393381141), np.float64(5.479783516321416), np.float64(5.4464244252593295), np.float64(4.938626708100823), np.float64(4.921792015990094), np.float64(4.515626331710162), np.float64(4.496226818396682), np.float64(4.456817482033468), np.float64(4.361773729507541), np.float64(4.331549804188658), np.float64(4.244156390251217), np.float64(4.009560947388926), np.float64(3.674643139836736), np.float64(3.492255220485308), np.float64(3.4332029487691593)]"
0,3.407034065143174,"[np.float64(8.912141683363364), np.float64(8.412393503123205), np.float64(7.9446067359013455), np.float64(6.90736358511931), np.float64(5.777418967375597), np.float64(5.72900011092128), np.float64(5.681648725441578), np.float64(5.299607705962275), np.float64(5.265951802317806), np.float64(5.238118782306774), np.float64(5.041644068044048), np.float64(4.188895414350623), np.float64(4.060123534856122), np.float64(3.8605545076490158), np.float64(3.815968359931638)]"
0,3.092662455051782,"[np.float64(7.283186864325776), np.float64(7.160196961835375), np.float64(6.539089054456424), np.float64(6.008427857017095), np.float64(5.98826006682402), np.float64(5.768242464840189), np.float64(5.633366950773963), np.float64(5.02165304139107), np.float64(4.964051696159308), np.float64(4.938090676471895), np.float64(4.633480272035596), np.float64(4.610176513620204), np.float64(4.456107723269559), np.float64(4.251707161784875), np.float64(4.233166945692828), np.float64(4.2081857545408), np.float64(4.170309165137482), np.float64(4.074506070123161), np.float64(4.049516585969164), np.float64(3.175936547748625), np.float64(3.1181603709070487)]"
0,3.1607819029689135,"[np.float64(6.377856600841904), np.float64(5.804550189713883), np.float64(5.213889907427851), np.float64(5.11390711761932), np.float64(4.941781020166639), np.float64(4.81922076611935), np.float64(4.794021564139816), np.float64(4.34611452599012), np.float64(4.246370561213533), np.float64(4.213905720569287), np.float64(4.200476056664595), np.float64(4.155546380713457), np.float64(4.052109997680928)]"
0,3.0364410996333673,"[np.float64(6.55127976516218), np.float64(5.934892647790935), np.float64(5.583364565003375), np.float64(5.579522774148012), np.float64(5.552113168577196), np.float64(5.530540752549927), np.float64(5.523062414767577), np.float64(4.912372520147959), np.float64(4.882891412224175), np.float64(4.690098925702083), np.float64(4.592976723320608), np.float64(4.4225817939565495), np.float64(4.404601343078183), np.float64(4.392320450886427), np.float64(4.36581961855313), np.float64(4.22848287451597), np.float64(4.225662751267026), np.float64(3.9783061954430474), np.float64(3.8517010950078685), np.float64(3.643967082130404), np.float64(3.583176436187131), np.float64(3.4543614369210878), np.float64(3.340166114859057), np.float64(3.2204831459428314), np.float64(3.187182526452345), np.float64(3.1243221569435145), np.float64(3.0364410996333673)]"
0,2.9059994753156677,"[np.float64(7.302581846510178), np.float64(6.833409349326494), np.float64(5.931330723694536), np.float64(5.84278325789848), np.float64(5.776871518072081), np.float64(5.218965157913509), np.float64(4.752675986455856), np.float64(4.681678765562651), np.float64(4.192196823707436), np.float64(3.846128609348029), np.float64(3.84165782864889), np.float64(3.830127095746639), np.float64(3.754112146981391), np.float64(3.3939656689418967), np.float64(3.3906259940608683), np.float64(3.174206465701288), np.float64(3.0271113944849537), np.float64(2.9059994753156677)]"
0,3.5068074895616923,"[np.float64(7.6566214791509495), np.float64(7.525150297989566), np.float64(6.727376738440927), np.float64(6.5147464657339995), np.float64(6.410533115905313), np.float64(6.171399062543004), np.float64(6.074262756198185), np.float64(5.778727047243998), np.float64(5.726790159439002), np.float64(5.645519129528042), np.float64(5.591446535372729), np.float64(5.558517747871707), np.float64(4.979635696873554), np.float64(4.864155063645476), np.float64(4.838270252666109), np.float64(4.756780192818626), np.float64(4.546112453777308), np.float64(4.530082908083729), np.float64(4.458968020316824), np.float64(4.3527353629812335), np.float64(4.2680774450939944), np.float64(4.015389904201284), np.float64(4.006035250041786), np.float64(3.8679175194926185), np.float64(3.656538261155491)]"
0,4.090626608786775,"[np.float64(9.768424071037913), np.float64(8.608423024209285), np.float64(8.498292852955167), np.float64(8.189966343190644), np.float64(7.474698082268544), np.float64(7.37040429841705), np.float64(7.276927698613504), np.float64(7.024008551271573), np.float64(6.655965084969111), np.float64(6.441470865196736), np.float64(6.198155193506526), np.float64(5.8333864447635975), np.float64(5.693163166401879), np.float64(5.613426517046869), np.float64(5.480942472704004), np.float64(5.084385257982769), np.float64(5.071671930864361), np.float64(5.0176032790595215), np.float64(4.965145904874346)]"
0,4.921530176205522,"[np.float64(10.057734716216103), np.float64(10.043821823927539), np.float64(9.231344465322987), np.float64(9.208290639262595), np.float64(9.149315132030013), np.float64(8.095227613910463), np.float64(7.976965870272967), np.float64(7.973095357591683), np.float64(7.64022559744498), np.float64(7.623691831651178), np.float64(7.5748948516597805), np.float64(7.246130270594652), np.float64(7.124740867915944), np.float64(7.06524283604885), np.float64(7.029928115025199)]"
0,4.413929060546774,"[np.float64(11.30722228693089), np.float64(9.753967522741238), np.float64(8.881141769592286), np.float64(8.51660338251573), np.float64(8.003108459853305), np.float64(7.859359174986686), np.float64(7.848405447766279), np.float64(7.15809291720359), np.float64(6.798582998708135), np.float64(6.576333712935425), np.float64(6.575290250382478), np.float64(6.342892939997197), np.float64(6.251338496152014), np.float64(6.249283891689962), np.float64(5.99703652466808), np.float64(5.993997610928555), np.float64(5.984816543256462), np.float64(5.981875833524732), np.float64(5.8425338565264795), np.float64(5.830284558694338)]"
0,4.912517816978502,"[np.float64(9.280681122297251), np.float64(9.152457878815557), np.float64(8.959580504262524), np.float64(8.463095552106353), np.float64(8.124326132789587), np.float64(7.67747344687589), np.float64(7.599025527603828), np.float64(7.4956212728392515), np.float64(6.933563508011742), np.float64(6.71726983740035), np.float64(6.68448302118499), np.float64(6.510415778774339), np.float64(6.237829515113699), np.float64(6.226514502933024), np.float64(6.185838992209877), np.float64(6.175006292221905), np.float64(5.868196857925705), np.float64(5.831534278299627), np.float64(5.826896735867823), np.float64(5.76926920632346), np.float64(5.6538726018709875), np.float64(5.588471901006476), np.float64(5.577369606710135)]"
0,4.227443971880049,"[np.float64(12.796426710761825), np.float64(10.536946918503885), np.float64(10.449911582111246), np.float64(9.737454131507416), np.float64(9.50810587435928), np.float64(9.470249122894653), np.float64(9.14245528868855), np.float64(9.09476529545307), np.float64(8.90931835489009), np.float64(8.75924048635646), np.float64(7.817237316375424), np.float64(7.804206994180451), np.float64(7.61762687423114), np.float64(7.1244708902246), np.float64(7.0452235319772045), np.float64(6.8747186296007605), np.float64(6.838478112578044), np.float64(6.71319741555343), np.float64(6.516051878599147), np.float64(5.986195886721035), np.float64(5.90053008342629), np.float64(5.804566445010237), np.float64(5.717294892568028)]"
0,4.172987700343152,"[np.float64(9.536257417460794), np.float64(9.259938815888313), np.float64(9.141105302667675), np.float64(8.813911489176036), np.float64(8.697356946195859), np.float64(8.436348063516006), np.float64(7.69294325857832), np.float64(7.680813908107118), np.float64(7.4648338532789875), np.float64(7.418545344054368), np.float64(7.334875760619981), np.float64(7.123344658102929), np.float64(7.107426690577232), np.float64(7.105616793054006), np.float64(6.9780383490804825), np.float64(6.810685453821858), np.float64(6.733064398220166), np.float64(6.71220602388318), np.float64(6.324154968174426), np.float64(6.317572332413239), np.float64(6.217506467444117), np.float64(6.202157763389181), np.float64(6.191240883100895), np.float64(6.072150370987248), np.float64(5.717822732558367), np.float64(5.130949112699149), np.float64(5.109811671514573), np.float64(5.03089366519979), np.float64(4.9744792751774956), np.float64(4.905587321531924), np.float64(4.801630245983232)]"
0,4.803518411215392,"[np.float64(12.083490584049487), np.float64(11.770370117893512), np.float64(11.343772047646686), np.float64(11.056307888425225), np.float64(10.632350812349008), np.float64(9.549177195801862), np.float64(7.193730198964891), np.float64(7.045414068860417), np.float64(6.981636181134698)]"
0,3.9940928803789015,"[np.float64(10.555010240458945), np.float64(10.400135942189259), np.float64(10.28700471733946), np.float64(9.94743128698353), np.float64(9.80511040921445), np.float64(9.465160853407347), np.float64(9.038759233025043), np.float64(8.699156578617082), np.float64(8.569784802294066), np.float64(8.543912358566947), np.float64(8.280524149890912), np.float64(8.124428149245688), np.float64(7.998741823046195), np.float64(7.903689471855499), np.float64(7.873672950125572), np.float64(7.769733940821298), np.float64(7.609878406430943), np.float64(6.915532998919744), np.float64(6.877472703036485), np.float64(6.850646052057675), np.float64(6.790938603184786), np.float64(6.7393344659815035), np.float64(6.699949007871469), np.float64(6.580610291767147), np.float64(6.081598231106653), np.float64(5.979131852232628), np.float64(5.975082519367596), np.float64(5.827243657522702), np.float64(5.800230204013504), np.float64(5.79443353307392), np.float64(5.291149018847469), np.float64(5.091815432991948), np.float64(4.945264855220274), np.float64(4.670821390574287), np.float64(4.656051141717622), np.float64(4.631748054222184)]"
0,4.9917631045441055,"[np.float64(11.84836077260775), np.float64(11.243399734784811), np.float64(10.37219385361425), np.float64(9.552692763094763), np.float64(9.382193807019492), np.float64(9.355929936267044), np.float64(9.298563632449174), np.float64(8.902385660902455), np.float64(8.89774839567168), np.float64(8.346553848839681), np.float64(8.299929955345698), np.float64(8.238797469504492), np.float64(8.144814770150921), np.float64(8.131147840093792), np.float64(8.103447808991088), np.float64(8.024809250143994), np.float64(7.825452553108118), np.float64(7.452612276749976), np.float64(7.441689212610585), np.float64(7.189941361569121), np.float64(7.1425138644398345), np.float64(7.1000860535362325), np.float64(6.598682452696524), np.float64(6.567597502938375), np.float64(6.279296742009482), np.float64(6.193944667065402), np.float64(6.062245086019809), np.float64(5.9741293286887664)]"
0,4.322648897924487,"[np.float64(9.097270209417156), np.float64(8.29148234011537), np.float64(6.548809688589683), np.float64(6.452261899186474), np.float64(6.444126824661572), np.float64(6.385343116379489), np.float64(6.183709735900902), np.float64(6.1779830871060675)]"
0,4.877394877540709,"[np.float64(12.943901452854647), np.float64(12.720139399056707), np.float64(12.238244537646677), np.float64(12.188782833364446), np.float64(11.743901882771853), np.float64(11.68634714310089), np.float64(11.531196034138276), np.float64(11.453635370664909), np.float64(11.243863254923284), np.float64(10.947464179413922), np.float64(10.236139811540955), np.float64(9.640079730461627), np.float64(9.201355151977587), np.float64(8.984969569653266), np.float64(8.534093923075675), np.float64(8.448158712854125), np.float64(8.422236854002362), np.float64(8.357030625510147), np.float64(8.124116842688569), np.float64(8.035428478941755), np.float64(7.965799140974072), np.float64(7.909035586984246), np.float64(7.488452891510967), np.float64(7.448615914693417), np.float64(7.327868885169919), np.float64(7.029509757582686), np.float64(6.539389114378979), np.float64(5.869323100036282), np.float64(5.815888674432973), np.float64(5.780848936246683), np.float64(5.535150993207553), np.float64(5.483848700888218), np.float64(5.440265006971718)]"
0,5.482055161073474,"[np.float64(13.742364097744613), np.float64(13.732615097253955), np.float64(12.807047734673754), np.float64(12.518020804810547), np.float64(11.80586798747185), np.float64(11.769081976052986), np.float64(11.546351345232642), np.float64(11.348603300526227), np.float64(10.93240402595982), np.float64(10.450074987986069), np.float64(10.306171423862017), np.float64(10.192241475261994), np.float64(10.031578055223608), np.float64(9.24669319478406), np.float64(9.234428413233157), np.float64(8.834571277396348), np.float64(8.824683438168059), np.float64(8.718502966158377), np.float64(8.707738626968585), np.float64(8.672027988719641), np.float64(8.632385551607399), np.float64(8.595143716049973), np.float64(8.542218241085845), np.float64(8.486983816108141), np.float64(8.39129715622789), np.float64(8.36243552311743), np.float64(8.221274568093664), np.float64(8.057540830932842), np.float64(8.03216651138318), np.float64(7.852689364008069)]"
0,4.88143514412522,"[np.float64(13.229976102014456), np.float64(11.94717018174984), np.float64(11.865418868010575), np.float64(11.587932846057953), np.float64(11.440696132338019), np.float64(11.408875638026739), np.float64(10.979273852621501), np.float64(10.82624139501656), np.float64(10.370472742805928), np.float64(10.039442795953704), np.float64(9.942863944578116), np.float64(9.398467429720872), np.float64(9.073182550741391), np.float64(8.684453305528873), np.float64(8.471216373046106), np.float64(8.300481406510631), np.float64(7.929328263412477), np.float64(7.734934463058903), np.float64(7.725625365493167), np.float64(7.468590390206963), np.float64(6.865152370425633), np.float64(6.832836501681195), np.float64(6.748750426757148), np.float64(6.52955156944128), np.float64(6.516394780119791), np.float64(6.125183071745207), np.float64(6.010102059099388), np.float64(6.000937746158483), np.float64(5.88426580760734), np.float64(5.711415532896508), np.float64(5.661824168277093), np.float64(5.369951112557661)]"
0,5.314622955977222,"[np.float64(12.000429575792664), np.float64(11.990673097197996), np.float64(11.953118852632175), np.float64(11.477673401915295), np.float64(11.436663540937063), np.float64(9.821391035414111), np.float64(9.439638679461302), np.float64(9.398904626014177), np.float64(9.379500785296727), np.float64(8.883542164300744), np.float64(8.58894928215481), np.float64(8.024137224714826), np.float64(7.988523659275667), np.float64(7.768603946468863), np.float64(7.535350348064677), np.float64(7.4686003784191195), np.float64(7.27619967563742), np.float64(7.146541654874289), np.float64(7.145970566803495), np.float64(7.118001998910484), np.float64(7.102258487097165), np.float64(6.9026283548028635), np.float64(6.380938699486333)]"
0,5.659545509748448,"[np.float64(13.796371725647813), np.float64(13.58481285293161), np.float64(12.525418439432016), np.float64(12.307461774571596), np.float64(12.193833057293286), np.float64(11.517999549697887), np.float64(10.945345774215449), np.float64(10.763700555341414), np.float64(9.75727232820906), np.float64(9.393991552594189), np.float64(9.392205818405703), np.float64(9.385295039388403), np.float64(9.276814251102182), np.float64(9.038947942062038), np.float64(9.019213518588685), np.float64(8.984133789197138), np.float64(8.881206284216029), np.float64(8.68764372723038), np.float64(8.654354557977728), np.float64(8.575430778442875), np.float64(8.407580676394074), np.float64(8.329569580256166), np.float64(8.287234870087223), np.float64(8.268362045056183), np.float64(7.825445962554409), np.float64(7.820471020203143), np.float64(7.811272906203706), np.float64(7.801927733644756), np.float64(7.456507054717307), np.float64(7.289530890176262), np.float64(7.275198678700073), np.float64(7.149566753562069)]"
0,6.134807567780662,"[np.float64(15.065872733849718), np.float64(14.828455690798462), np.float64(14.518913937707966), np.float64(14.058688046631726), np.float64(13.906073837129814), np.float64(12.848556491466322), np.float64(12.478339645066777), np.float64(12.406079334281245), np.float64(11.947817770924896), np.float64(11.762585012056771), np.float64(11.635537905693653), np.float64(11.617652693895447), np.float64(10.078975681736171), np.float64(10.057394431718423), np.float64(9.509570569384286), np.float64(9.258988230774449), np.float64(9.242542118258596), np.float64(9.012058287607822), np.float64(8.931247220555909), np.float64(8.737246172335578), np.float64(8.617375136054282), np.float64(8.590562157184333), np.float64(8.498817000935253), np.float64(8.241131104916693), np.float64(7.997549020412553), np.float64(7.806195409494501), np.float64(7.6177724891274385), np.float64(7.449332010193473), np.float64(6.728504638808167), np.float64(6.726235303194378), np.float64(6.714397383005374), np.float64(6.592998810639359)]"
0,4.936697041239222,"[np.float64(10.3367206093335), np.float64(10.321021163101339), np.float64(9.86874932757541), np.float64(9.694553284931004), np.float64(9.566668440723245), np.float64(8.753976310505118), np.float64(8.437887893859372), np.float64(8.266260177695543), np.float64(7.976403504839983), np.float64(7.900150271982581), np.float64(7.862486632437583), np.float64(7.665444864970648), np.float64(7.445838700570927), np.float64(7.4095524035792355), np.float64(7.288260823326251), np.float64(7.146575221164262), np.float64(7.056651236326601), np.float64(6.902155964936274), np.float64(6.699868501754787), np.float64(6.633830719842071), np.float64(6.577183051336199), np.float64(6.469459398893421), np.float64(6.43932312774308), np.float64(6.337240319637667), np.float64(6.291307576041926), np.float64(5.982652171274065), np.float64(5.842174033431834), np.float64(5.6990737797547295), np.float64(5.607607827476315), np.float64(5.565959959609277), np.float64(5.51622156578463), np.float64(5.5076448252707), np.float64(5.496147504480504)]"
0,6.132842736567199,"[np.float64(12.209145850656936), np.float64(11.2432803560401), np.float64(11.203816468615276), np.float64(11.02616992673426), np.float64(10.710320168840015), np.float64(9.930876996133943), np.float64(9.478239154209705), np.float64(9.12884020689612), np.float64(8.632733667596762), np.float64(8.378550735191533), np.float64(8.07639810354412), np.float64(8.004707007996648), np.float64(7.764534758684965), np.float64(7.719554599196969), np.float64(7.682710994605755), np.float64(7.661437589487305), np.float64(7.46647286796586), np.float64(7.4131298438372335), np.float64(7.3283998580021885), np.float64(7.254579175155916), np.float64(7.122597982510982), np.float64(6.837656635897915), np.float64(6.827711640120995), np.float64(6.814752335424075), np.float64(6.787466176256953), np.float64(6.758951813040628), np.float64(6.758874491038024)]"
0,6.023650698291831,"[np.float64(15.269157459140319), np.float64(15.237051479180305), np.float64(15.116083406763401), np.float64(14.55356135856006), np.float64(13.494059718390695), np.float64(13.393314986853493), np.float64(12.72905778133686), np.float64(12.660012922344304), np.float64(11.422959093519676), np.float64(11.046489658199445), np.float64(10.850794565024731), np.float64(10.622658687740415), np.float64(10.618510088228948), np.float64(10.284876840884188), np.float64(10.14837273155893), np.float64(10.081432515327327), np.float64(9.970737840378693), np.float64(9.927013490164766), np.float64(9.884571342681225), np.float64(9.773160309453537), np.float64(9.172875826881654), np.float64(9.068232275741051), np.float64(8.949996496339303), np.float64(8.331693118295556), np.float64(7.951792896726254), np.float64(7.929801753027311), np.float64(7.704744793927933), np.float64(7.526802687537196), np.float64(7.421045716560205), np.float64(7.361325157779487), np.float64(7.270718928930224), np.float64(7.140346810073022), np.float64(7.139636400681648)]"
0,5.08993633789967,"[np.float64(14.05481302938771), np.float64(13.673510295425428), np.float64(12.707840887304386), np.float64(12.681898418668673), np.float64(12.074699287778126), np.float64(12.003730288272324), np.float64(11.974791029325614), np.float64(11.572915405699485), np.float64(11.332892071612441), np.float64(11.291839805794675), np.float64(11.111111257704366), np.float64(10.357071548922994), np.float64(10.321068187151212), np.float64(10.050387423977037), np.float64(9.880145147382624), np.float64(8.728333359926143), np.float64(8.628919765323037), np.float64(8.460104481790314), np.float64(8.255532809344233), np.float64(7.997063510860747), np.float64(7.909534797016005), np.float64(7.899259440913537), np.float64(7.539053909614133), np.float64(7.498005615467252), np.float64(7.4171054738508575), np.float64(7.377371226804985), np.float64(7.024649837169522), np.float64(6.952669415213834), np.float64(6.737340762707913), np.float64(6.679470614110813), np.float64(6.38167599685702)]"
0,6.871579159139134,"[np.float64(17.077176761820414), np.float64(16.664344469321797), np.float64(15.821094139338594), np.float64(15.637527759178852), np.float64(15.434010797278084), np.float64(15.371171058798733), np.float64(13.609633512172113), np.float64(13.254564391543452), np.float64(12.680849569744387), np.float64(12.529435649146745), np.float64(12.48042820457396), np.float64(12.291164742779392), np.float64(12.026417962773042), np.float64(10.853957140514042), np.float64(10.719920473870815), np.float64(10.452361212341811), np.float64(10.374982130395917), np.float64(10.367979847857551), np.float64(10.316352457407518), np.float64(10.184839369561363), np.float64(10.174251101671508), np.float64(9.960454429197927), np.float64(9.871937569157955), np.float64(9.603706662890811), np.float64(9.399918352996949), np.float64(9.383597775495472), np.float64(9.33242692627452), np.float64(9.205095511966297), np.float64(9.156222568808316), np.float64(8.826424302092285), np.float64(8.791395598400774), np.float64(8.542856510668809), np.float64(8.468527956403028), np.float64(8.355834289786953), np.float64(8.348149037394187), np.float64(8.00507553976232), np.float64(7.9575399206316275)]"
0,6.451896443029067,"[np.float64(15.984378884673038), np.float64(15.884946516878944), np.float64(15.129811288462598), np.float64(14.702941667403234), np.float64(14.622930519336485), np.float64(14.15642776838957), np.float64(14.042653073315021), np.float64(14.02073992538684), np.float64(13.601686527661977), np.float64(13.460726047445169), np.float64(13.221802538209046), np.float64(13.082809459797465), np.float64(12.917551259301922), np.float64(12.117760568742975), np.float64(11.94050596068659), np.float64(11.768868741116552), np.float64(11.761237977277503), np.float64(11.719884467085457), np.float64(11.664876993744253), np.float64(11.63009334107007), np.float64(10.996209887790883), np.float64(10.089252690767815), np.float64(9.754129136733404), np.float64(9.176054750008756), np.float64(9.03161685151224), np.float64(8.966483402096513), np.float64(8.914784491942966), np.float64(8.899410195405567), np.float64(8.650569053632225), np.float64(8.588435499492046), np.float64(8.298727114515374), np.float64(8.206391325469975), np.float64(8.109454211659395), np.float64(8.003736044933408), np.float64(7.967921756330982), np.float64(7.861832657251237), np.float64(7.857603160962755), np.float64(7.777879404726381), np.float64(7.7181365361395216)]"
0,7.408325774915323,"[np.float64(16.52132711877096), np.float64(16.251437329395955), np.float64(14.430499784061118), np.float64(14.053396031962038), np.float64(13.933084031698844), np.float64(12.933483445158595), np.float64(11.995332308128104), np.float64(11.404976836089359), np.float64(11.404897555544798), np.float64(11.251298215396721), np.float64(11.245551242829078), np.float64(11.190634280026195), np.float64(11.108143809618824), np.float64(10.771277255223891), np.float64(10.146703204847793), np.float64(10.058862626455964), np.float64(9.87483548491211), np.float64(9.51990435457565), np.float64(9.435841674731723), np.float64(9.231957382031432), np.float64(9.182856997320517), np.float64(8.697697290335675), np.float64(8.695259799359633), np.float64(8.673635407280997), np.float64(8.590101097840627), np.float64(8.416966495907774), np.float64(8.341232767554704), np.float64(8.115259447567466), np.float64(7.9498804252365), np.float64(7.52443411896456), np.float64(7.471604777175896), np.float64(7.454997364864833)]"
0,7.217715482811399,"[np.float64(16.67421708131377), np.float64(16.513380082565867), np.float64(16.493152948104584), np.float64(16.411221765553247), np.float64(16.369531382983812), np.float64(16.289488130725946), np.float64(15.962020768874734), np.float64(15.805119846695241), np.float64(15.749344185339227), np.float64(15.196003917914224), np.float64(15.193365480655642), np.float64(14.991160128040756), np.float64(14.853133403986767), np.float64(14.649138537278603), np.float64(14.476393576166412), np.float64(14.38493282523199), np.float64(14.191291999731098), np.float64(14.145061377756042), np.float64(13.648834473229472), np.float64(13.577924221730155), np.float64(13.456641218517024), np.float64(13.221429942769912), np.float64(12.761865728511548), np.float64(12.660684499433208), np.float64(12.645286548125593), np.float64(12.014093626485373), np.float64(11.688652823642613), np.float64(11.579301941253016), np.float64(11.28569026855922), np.float64(11.238574843232268), np.float64(11.00761211749802), np.float64(10.982018193759663), np.float64(9.553185674091802), np.float64(9.462328393551736), np.float64(9.094184636031414), np.float64(9.067934393146482), np.float64(8.954489076461096), np.float64(8.918606739788084), np.float64(8.74437666673038)]"
0,6.920634996223502,"[np.float64(15.13571306961532), np.float64(14.87119664386266), np.float64(14.824113687093055), np.float64(14.582671956847607), np.float64(14.039165745256954), np.float64(13.802993697219794), np.float64(13.622585409319253), np.float64(13.369108739883204), np.float64(13.209972470534463), np.float64(12.906306507711703), np.float64(12.351242202174006), np.float64(12.243795375604787), np.float64(12.174138198852122), np.float64(11.22136155105305), np.float64(11.006630598078724), np.float64(10.8019338025773), np.float64(10.64180914013201), np.float64(10.510045992888987), np.float64(10.144213724674502), np.float64(9.985930285088184), np.float64(9.955918555478732), np.float64(9.902433345358514), np.float64(9.858334753158195), np.float64(9.562955487365933), np.float64(9.430429934250295), np.float64(9.096023876365088), np.float64(8.930216081752443), np.float64(8.526431492619627), np.float64(8.483302045645912), np.float64(8.132556706796148), np.float64(8.045104045257215)]"
0,7.488860435759032,"[np.float64(14.989001423665469), np.float64(14.868251009931873), np.float64(14.77937656492499), np.float64(14.344523651199582), np.float64(14.282317938361004), np.float64(14.098069089226449), np.float64(13.85768403182651), np.float64(13.707704465338448), np.float64(13.660281598256729), np.float64(12.476563906338413), np.float64(12.369859358318038), np.float64(12.016435693871502), np.float64(11.929658067800105), np.float64(11.878472042925303), np.float64(11.718354980124614), np.float64(11.605097247848873), np.float64(11.330918037587168), np.float64(11.303453011018869), np.float64(11.115800992423955), np.float64(10.95649914289043), np.float64(10.812334020331777), np.float64(10.792289092217718), np.float64(10.738163395398598), np.float64(10.53142559119214), np.float64(9.869518801314173), np.float64(9.859644223000021), np.float64(9.760944228064517), np.float64(9.717120744515558), np.float64(9.704165937467035), np.float64(9.574784173054203), np.float64(9.504560667856987), np.float64(9.350480159967635), np.float64(9.221985450486105), np.float64(8.780668730799459)]"
0,5.675577921364238,"[np.float64(16.755936954992933), np.float64(16.471268761587986), np.float64(15.426378291041278), np.float64(15.29137131697288), np.float64(14.905188074188825), np.float64(14.6771841708376), np.float64(14.610781966014184), np.float64(14.491132140360858), np.float64(14.293749715619393), np.float64(14.198649561900032), np.float64(13.708174902011644), np.float64(13.23914248720037), np.float64(13.01522866936189), np.float64(12.62371380255593), np.float64(12.582077408968567), np.float64(12.577706128059134), np.float64(12.008676344742298), np.float64(11.586939560447192), np.float64(10.754660664916296), np.float64(10.746956487091298), np.float64(10.687450491398515), np.float64(10.110976730789595), np.float64(9.99736631347966), np.float64(9.993687586959968), np.float64(9.97943659741853), np.float64(9.96011029754447), np.float64(9.923234444283706), np.float64(9.883380140449876), np.float64(9.024970449056863), np.float64(8.928133568969614), np.float64(8.911954302162423), np.float64(8.630232149948545), np.float64(8.212222088618047), np.float64(7.880504049327322), np.float64(7.757320611731054), np.float64(7.697740643799899), np.float64(7.693916301550476), np.float64(7.277385311849147), np.float64(7.115252327233653), np.float64(7.083068226341458), np.float64(7.055054947388843), np.float64(6.9080801377278345), np.float64(6.90225834773508), np.float64(6.760670182609481), np.float64(6.682116416856088), np.float64(6.676244230051875), np.float64(6.662493489433299), np.float64(6.319586880332222)]"
0,6.255256657146386,"[np.float64(15.879704540071769), np.float64(15.29884303667516), np.float64(15.118228156199523), np.float64(14.541719228936682), np.float64(14.067690703377778), np.float64(13.742955774847069), np.float64(13.202848189052272), np.float64(12.900857992690202), np.float64(12.258557420178438), np.float64(11.387000442247677), np.float64(11.124412704245044), np.float64(10.418929251092825), np.float64(9.92136335906211), np.float64(9.160818705138082), np.float64(9.142711296144194), np.float64(8.925805985974163), np.float64(8.568270123762854), np.float64(8.314174956436604), np.float64(8.301357877225605), np.float64(8.227164075407025), np.float64(8.126830173009743), np.float64(7.806497091140382), np.float64(7.758402613440604), np.float64(7.736689235829997), np.float64(7.5327369264047945), np.float64(7.448528448691505), np.float64(7.435290348145555), np.float64(7.369486994897026), np.float64(7.121142160149632), np.float64(6.878342498782132), np.float64(6.552439645005573), np.float64(6.458926839269327), np.float64(6.404931160225177)]"
0,7.037822823583998,"[np.float64(16.519494758590206), np.float64(15.758732799372565), np.float64(15.505340992164456), np.float64(15.06766421869994), np.float64(14.690101963428717), np.float64(13.749820710501531), np.float64(13.484625328788752), np.float64(13.295338744520043), np.float64(12.966966588855614), np.float64(12.78554600148425), np.float64(12.271011156946134), np.float64(12.265769119697724), np.float64(12.120313706713437), np.float64(11.986453990889688), np.float64(11.94118124098212), np.float64(11.936907681328767), np.float64(10.731068826230038), np.float64(10.683032896404283), np.float64(10.476768184745533), np.float64(10.235523727774478), np.float64(10.216848799976626), np.float64(10.178185087552428), np.float64(9.969208243167673), np.float64(9.884737797915651), np.float64(9.816772026417985), np.float64(9.723639234601235), np.float64(9.53037584000628), np.float64(9.457013662780842), np.float64(9.075775679604696), np.float64(9.01916022485549), np.float64(8.810028787160372)]"
0,6.314407603267584,"[np.float64(15.532878622190719), np.float64(15.407262170424271), np.float64(14.803953009381988), np.float64(13.85240354487944), np.float64(13.058334187220897), np.float64(12.653239550842521), np.float64(12.614833747258064), np.float64(12.365497429417033), np.float64(12.151890025200682), np.float64(12.013851011039936), np.float64(11.636647173406185), np.float64(11.290184866798242), np.float64(11.229128522894449), np.float64(10.636312379135207), np.float64(10.439755180544298), np.float64(10.009955687135857), np.float64(9.570139862795457), np.float64(9.493322566345201), np.float64(9.41812486765957), np.float64(9.413077061782499), np.float64(9.316613057723025), np.float64(9.155682146939139), np.float64(9.084834746723553), np.float64(9.049353688793877), np.float64(9.04012333630191), np.float64(8.881662435970766), np.float64(8.696147642644698), np.float64(8.276488611212088), np.float64(8.276434308732478), np.float64(8.201746563992183), np.float64(7.981948056574063), np.float64(7.889578285578555), np.float64(7.847041680091247), np.float64(7.78155417920524), np.float64(7.373313727831655), np.float64(7.147260618303812), np.float64(6.850881200924337)]"
0,7.042040040692878,"[np.float64(15.122304735452666), np.float64(14.307317888544464), np.float64(14.008180859918335), np.float64(13.779647110352089), np.float64(12.7923035736411), np.float64(12.472005469795064), np.float64(12.247112238941048), np.float64(11.397153264052518), np.float64(11.372890868781642), np.float64(11.238576573490272), np.float64(10.834535142292411), np.float64(10.621921447943757), np.float64(10.611614669726292), np.float64(10.587460095901433), np.float64(10.216452042622077), np.float64(10.106031515780135), np.float64(10.08487432001576), np.float64(10.041367806830376), np.float64(9.88706912274439), np.float64(9.847697109615016), np.float64(9.769911536812174), np.float64(9.755201263305032), np.float64(9.188767633469212), np.float64(8.96748851427786), np.float64(8.376703415356971), np.float64(8.2673805185571), np.float64(8.076277415435674), np.float64(7.586000883981445), np.float64(7.465446859218986), np.float64(7.410766755010933), np.float64(7.358311731826333), np.float64(7.255107701548026)]"
0,6.492500607189696,"[np.float64(17.87494495319421), np.float64(17.77776148795219), np.float64(17.00918334523587), np.float64(16.810157533636406), np.float64(16.274587425176048), np.float64(16.087175679133747), np.float64(15.944349612001789), np.float64(14.75111406001927), np.float64(14.699008509543628), np.float64(14.188644302600107), np.float64(13.422234106203474), np.float64(13.261389009153099), np.float64(12.90330861640638), np.float64(12.602554033519072), np.float64(12.350577900927371), np.float64(12.307410417161856), np.float64(11.846143170252352), np.float64(11.740510778497537), np.float64(11.403485817267814), np.float64(10.99504845905979), np.float64(10.522977495636983), np.float64(10.387458515868989), np.float64(10.141870009260467), np.float64(10.05971641794917), np.float64(9.74990659512662), np.float64(9.205943635206143), np.float64(9.20008869029627), np.float64(9.162894151761192), np.float64(8.991114030798327), np.float64(8.873754880995563), np.float64(8.54261669481001), np.float64(8.122629272574127)]"
0,6.565565301427656,"[np.float64(17.607471999624984), np.float64(16.73767864052709), np.float64(15.686276684240042), np.float64(15.110230185710993), np.float64(14.647492745590682), np.float64(14.064589260514124), np.float64(13.434919511074906), np.float64(13.043194696182992), np.float64(12.974749534493819), np.float64(12.792645424380792), np.float64(12.367194630356758), np.float64(12.297681416767068), np.float64(12.190719906755696), np.float64(12.038293744207072), np.float64(11.907420969201247), np.float64(10.774042763960765), np.float64(10.7529103701207), np.float64(10.653523598100477), np.float64(10.62983368872811), np.float64(10.515364160785593), np.float64(10.342095237135764), np.float64(10.13400759564022), np.float64(10.074697816610472), np.float64(9.8927545653303), np.float64(9.27356073068979), np.float64(9.219316795586858), np.float64(9.216613790768603), np.float64(9.099335205552938), np.float64(9.072170405942197), np.float64(8.716561042299709), np.float64(8.311362423555696), np.float64(8.223736825561435), np.float64(8.17481608809774), np.float64(8.104512712707264), np.float64(7.883462295460331), np.float64(7.755243503306218), np.float64(7.529536585362518), np.float64(7.513711561888513), np.float64(7.389597428260096)]"
0,6.872843403929319,"[np.float64(17.251668901102615), np.float64(16.950042784401887), np.float64(16.915257923046525), np.float64(16.196328155189303), np.float64(14.830214586170012), np.float64(14.033613264685712), np.float64(13.776075036909168), np.float64(13.519348872816373), np.float64(13.295567378049496), np.float64(13.217637153154802), np.float64(13.020257917658409), np.float64(13.007235131465706), np.float64(12.400059067342854), np.float64(11.909042943122701), np.float64(11.368966074093514), np.float64(11.30247742563271), np.float64(11.296384890095158), np.float64(11.158207461593797), np.float64(10.865268146325786), np.float64(10.473758063665326), np.float64(10.129853972986268), np.float64(9.946622314646197), np.float64(9.77707836976134), np.float64(9.765551429607415), np.float64(9.703262001969065), np.float64(9.670598544029623), np.float64(9.13482440420464), np.float64(9.123871983809904), np.float64(9.097067865518314), np.float64(9.076989932446914), np.float64(9.008820642613099), np.float64(8.81109688670929), np.float64(8.666083355272777), np.float64(8.648597820419562), np.float64(8.635859485059976)]"
0,6.5765899046812315,"[np.float64(15.474718742296899), np.float64(15.257497336819847), np.float64(15.024556159838632), np.float64(14.482489457966594), np.float64(14.46023590975483), np.float64(14.273215987662184), np.float64(13.84756092387125), np.float64(13.808544868109223), np.float64(13.598212051667288), np.float64(13.364317377745932), np.float64(13.05208691622046), np.float64(13.035017242733081), np.float64(12.976098366186248), np.float64(12.96051229080299), np.float64(12.904289352595999), np.float64(12.809082307492108), np.float64(12.564162927198735), np.float64(12.310847667046875), np.float64(12.130977045612218), np.float64(11.781152277902395), np.float64(11.729276159752928), np.float64(11.159333654088408), np.float64(11.119111461969116), np.float64(10.869406988192363), np.float64(10.562873122988748), np.float64(10.555258518384765), np.float64(10.553356209143644), np.float64(10.538425372460996), np.float64(10.236300965823373), np.float64(9.796362719273246), np.float64(9.576822770080442), np.float64(9.521771189830579), np.float64(9.47928042070958), np.float64(9.361352585375284), np.float64(9.35119968772093), np.float64(9.200367763592588), np.float64(9.04091616888683), np.float64(8.943578801382463), np.float64(8.929847633934205), np.float64(8.601459080042877), np.float64(8.570935099223467), np.float64(8.500681808964075), np.float64(8.358159853966445), np.float64(8.285430753208885), np.float64(8.2238564301421)]"
0,7.094713813844883,"[np.float64(17.475975600511745), np.float64(17.436661026061312), np.float64(17.303991831190164), np.float64(16.837570515890885), np.float64(16.825453967156253), np.float64(16.632211153031637), np.float64(16.596450307081074), np.float64(16.477909312427393), np.float64(16.05837394672941), np.float64(15.84016363298927), np.float64(15.6939477404428), np.float64(15.586062208607357), np.float64(15.027880187118004), np.float64(14.351247154841511), np.float64(14.106702273644187), np.float64(14.04485066901655), np.float64(14.000575596794617), np.float64(13.980521122910645), np.float64(13.776590165197524), np.float64(13.272682633075146), np.float64(13.25716797051039), np.float64(13.137104662008346), np.float64(12.806551837528328), np.float64(12.791254905965289), np.float64(12.668229637096093), np.float64(12.576171802330816), np.float64(12.56439848682388), np.float64(11.971599449544104), np.float64(11.909061013980633), np.float64(11.497930830675038), np.float64(11.397776951209512), np.float64(11.172966464605544), np.float64(11.00836433704449), np.float64(11.007448913553432), np.float64(10.738166772792288), np.float64(10.202482902229326), np.float64(9.940926313940524), np.float64(9.896925606004855), np.float64(9.779784498120069), np.float64(9.760737798334393), np.float64(9.628043226245033), np.float64(9.576870411986018), np.float64(9.462815967158011), np.float64(9.180365043991749), np.float64(8.935502349009537), np.float64(8.45794908275374), np.float64(8.255510563784767)]"
0,5.8611964812007615,"[np.float64(14.988131820988801), np.float64(14.568873186078143), np.float64(14.463321910104234), np.float64(13.596625965108938), np.float64(13.502728169750496), np.float64(13.497350951024846), np.float64(13.245693913442881), np.float64(12.199733603219634), np.float64(12.182489524230444), np.float64(11.653300528303802), np.float64(11.652027678753003), np.float64(11.588339194728922), np.float64(11.587724732219964), np.float64(11.328372785659571), np.float64(11.076793738133585), np.float64(10.741992845099157), np.float64(10.718764817718265), np.float64(10.703525125363846), np.float64(10.675339659888404), np.float64(10.59484817175575), np.float64(10.454894139541127), np.float64(10.380073666307405), np.float64(9.838468594104961), np.float64(9.763118171307324), np.float64(9.530427842150843), np.float64(9.468505751167969), np.float64(9.415542237469552), np.float64(9.300449974760905), np.float64(9.157711665822209), np.float64(9.011843121545647), np.float64(8.935165936387165), np.float64(8.691186252438628), np.float64(8.690508601372182), np.float64(8.376890468700367), np.float64(8.263568111110006), np.float64(8.23142480570873), np.float64(8.132194109112415), np.float64(8.105843422758905), np.float64(7.966219443248864), np.float64(7.909503491406483), np.float64(7.749785016619214), np.float64(7.511655696055625), np.float64(7.488479535459698), np.float64(7.478348333978079), np.float64(7.466299770659232), np.float64(7.438697673673905), np.float64(7.4013663112446455)]"
0,6.867264205090178,"[np.float64(15.94693712427725), np.float64(15.529193180150621), np.float64(15.422936272966997), np.float64(13.753635443812936), np.float64(12.667505690904335), np.float64(12.518637658534477), np.float64(12.101296404873224), np.float64(11.022593409358603), np.float64(10.90091145783727), np.float64(10.851703636224938), np.float64(10.68264468289528), np.float64(10.660223130042032), np.float64(10.654693699941431), np.float64(10.645713829308585), np.float64(10.518994333166475), np.float64(10.476490231978225), np.float64(10.21135501490642), np.float64(10.066277019742751), np.float64(9.992416979570399), np.float64(9.9923728275537), np.float64(9.979036614202705), np.float64(9.976145648899918), np.float64(9.932717801325497), np.float64(9.915105066137661), np.float64(9.885199942242846), np.float64(9.708436525933598), np.float64(9.545604456883641)]"
0,6.740968394191077,"[np.float64(14.07775475817137), np.float64(14.058749303816285), np.float64(13.557435901117678), np.float64(13.531337002674029), np.float64(13.465077857077691), np.float64(13.366639899895208), np.float64(12.033917869305771), np.float64(11.964177997810543), np.float64(11.692173451423647), np.float64(11.589710869667194), np.float64(11.545992985481504), np.float64(10.967595276541342), np.float64(10.841915696902957), np.float64(10.615491619205281), np.float64(10.590126566774126), np.float64(10.25750147020148), np.float64(10.001333781974251), np.float64(9.844118058157381), np.float64(9.659775193078792), np.float64(9.13071686921667), np.float64(9.118850791957419), np.float64(9.098033369955337), np.float64(9.006398595380443), np.float64(8.904327376384975), np.float64(8.818531934004238), np.float64(8.700380785755591), np.float64(8.599116553689878), np.float64(8.500835958325354), np.float64(8.334191516670874), np.float64(7.898814834469037), np.float64(7.474612009023417), np.float64(7.456080063303853), np.float64(7.4199497056287)]"
0,6.326555321485404,"[np.float64(15.078341800514783), np.float64(15.062083485589344), np.float64(14.874910649054604), np.float64(13.996920777444508), np.float64(13.932920292666097), np.float64(13.85967681590644), np.float64(13.626091644586568), np.float64(13.347406421634943), np.float64(13.29419140014865), np.float64(12.68796568971618), np.float64(12.054253110215203), np.float64(11.973130662217143), np.float64(11.633223287453227), np.float64(11.240524786881414), np.float64(10.99096525072588), np.float64(10.617793090163397), np.float64(10.36750699482447), np.float64(10.297268329000229), np.float64(10.284755693974748), np.float64(10.094077617674554), np.float64(9.369389723655999), np.float64(9.358971651321728), np.float64(8.663943520195668), np.float64(8.659663114029199), np.float64(8.42630497154525), np.float64(8.400013640081207), np.float64(8.351294341450629), np.float64(8.351273211645195), np.float64(8.11111248865338), np.float64(8.096321926394312), np.float64(7.920733279967994), np.float64(7.550354175540155), np.float64(7.534007359151887), np.float64(7.502213136922594), np.float64(7.474791478576502), np.float64(7.382795257438986), np.float64(7.29659320915269), np.float64(7.108309508102697), np.float64(7.080438945609738)]"
0,8.985822340384514,"[np.float64(23.64503601368681), np.float64(23.233374370415508), np.float64(23.013578426253364), np.float64(22.76005459069268), np.float64(22.637581529437636), np.float64(21.792849759159186), np.float64(21.740269536947746), np.float64(21.458076575894847), np.float64(20.804740937831045), np.float64(20.739527685230396), np.float64(20.458124071950966), np.float64(20.387203681432222), np.float64(19.903685890105233), np.float64(19.81339557103107), np.float64(19.427248041079647), np.float64(19.333417136971715), np.float64(19.14288974671752), np.float64(18.045677565399398), np.float64(17.726249954964405), np.float64(17.614412814202534), np.float64(17.318930895240417), np.float64(17.014629137810342), np.float64(16.92844060160234), np.float64(16.79670374738978), np.float64(16.384750267588984), np.float64(16.075803259239617), np.float64(15.922775396132717), np.float64(15.85891730116781), np.float64(15.39727808355666), np.float64(14.878840368046571), np.float64(14.87587308648401), np.float64(14.69378928845676), np.float64(14.577707205129267), np.float64(14.498890301628352), np.float64(14.478667262314756), np.float64(14.218632138379371), np.float64(14.082971547343515), np.float64(13.96997493980234)]"
0,8.954808260256197,"[np.float64(19.436329897893742), np.float64(19.011678378403275), np.float64(18.329894171663728), np.float64(17.86750869640129), np.float64(17.418179363843), np.float64(17.28631067125393), np.float64(16.6678841653582), np.float64(16.340439973746804), np.float64(15.799814131618005), np.float64(15.612397685567528), np.float64(15.466121763155087), np.float64(15.03050597351688), np.float64(14.825155621324072), np.float64(14.770730351280633), np.float64(14.714233135578777), np.float64(13.98339645968892), np.float64(13.833786930030566), np.float64(13.807197001570351), np.float64(13.794489390000681), np.float64(13.717651648425779), np.float64(13.679772787918106), np.float64(13.602255521293381), np.float64(13.259470705330019), np.float64(13.000560398757521), np.float64(12.874534387038082), np.float64(12.64491640907045), np.float64(12.538426784666706), np.float64(12.50791230505044), np.float64(12.42213745398163), np.float64(12.311937494835874), np.float64(12.102591499156183), np.float64(12.04061004020102), np.float64(11.927074829002734), np.float64(11.915939432458241)]"
0,9.213372240439037,"[np.float64(21.14413693444986), np.float64(20.411379591612803), np.float64(19.60262336363606), np.float64(19.321434743985204), np.float64(18.145873278030646), np.float64(17.525429004052146), np.float64(17.4491302301052), np.float64(17.420807819462357), np.float64(17.34111183110475), np.float64(17.333043888338278), np.float64(17.123713542451075), np.float64(16.370507403146057), np.float64(16.051157495973204), np.float64(15.814650659502236), np.float64(15.79040672211155), np.float64(15.777633820639815), np.float64(15.618476330042975), np.float64(15.480311939051537), np.float64(15.239443534514228), np.float64(14.86850960048943), np.float64(14.772421029746594), np.float64(14.539522209238894), np.float64(14.30129316166448), np.float64(14.217226180857763), np.float64(14.00484631362965), np.float64(13.706846876290138), np.float64(13.635124950679062), np.float64(13.603641415777714), np.float64(13.314704429178482), np.float64(13.102013393528132), np.float64(13.093093605350646), np.float64(13.081363024721815), np.float64(13.045321281843126), np.float64(12.952260823921256), np.float64(12.949437169758406), np.float64(12.608348672258105), np.float64(12.588722456694894), np.float64(12.56726690925073), np.float64(12.340610211572443), np.float64(12.265600530480903), np.float64(12.128495581529629)]"
0,8.467262503187417,"[np.float64(20.75664092698915), np.float64(20.318688225263312), np.float64(20.287877653556112), np.float64(19.210512458169664), np.float64(19.19226024689524), np.float64(19.18316207344516), np.float64(19.18301828485115), np.float64(18.993976395594576), np.float64(18.79894207040305), np.float64(18.591000966779365), np.float64(18.41404910715678), np.float64(18.17350484803961), np.float64(17.919834246596857), np.float64(17.36822307074209), np.float64(17.095520725270447), np.float64(16.729063456273533), np.float64(16.630663863879107), np.float64(16.620972768831255), np.float64(16.513226434943554), np.float64(16.023900439008745), np.float64(16.023134882270917), np.float64(15.938288453267672), np.float64(15.867510118713753), np.float64(15.697625381477197), np.float64(15.120792745164293), np.float64(15.059870346231966), np.float64(14.307137220138186), np.float64(14.050855725383308), np.float64(13.964579838834469), np.float64(13.78866579335231), np.float64(13.78286150389788), np.float64(13.629426387928312), np.float64(13.620348331360796), np.float64(13.097645965820256), np.float64(12.925477274616979), np.float64(12.829279455469461), np.float64(12.729532085902514), np.float64(12.540000783896318), np.float64(12.478822144465397), np.float64(12.42910677022312), np.float64(12.404343976080833), np.float64(12.403385170003746), np.float64(12.394832414095434), np.float64(12.30774968526394), np.float64(12.251862898875695), np.float64(12.199392592884038), np.float64(12.066261421580036), np.float64(12.022857355174125), np.float64(11.952750961520735), np.float64(11.88588779334333), np.float64(11.86573070990886), np.float64(11.48323735744588), np.float64(11.434918587128784), np.float64(11.428649169840646), np.float64(10.813031389082823), np.float64(10.4768906791856), np.float64(10.469717419587264), np.float64(10.393348320090649), np.float64(10.031554928618313), np.float64(10.003709011043293), np.float64(9.837732747419386), np.float64(9.813454763293231), np.float64(9.71723832006394), np.float64(9.474719994840449), np.float64(9.473250118060024), np.float64(9.252639801747561), np.float64(9.240994769514689)]"
0,8.606061601297192,"[np.float64(19.63836950920367), np.float64(19.13123127503482), np.float64(19.128467418581067), np.float64(18.82172484343016), np.float64(18.275454017087647), np.float64(18.06588166115995), np.float64(17.919690555967662), np.float64(17.704146700500388), np.float64(17.33118117670808), np.float64(16.93277165660921), np.float64(16.468583980501833), np.float64(16.171932286441027), np.float64(15.99167276938222), np.float64(15.972303398668114), np.float64(15.915522162503052), np.float64(14.66667626222203), np.float64(13.936236114173145), np.float64(13.897539620796502), np.float64(13.669229676769673), np.float64(13.654355382257567), np.float64(13.4705584201166), np.float64(13.466737270420783), np.float64(13.228456888322622), np.float64(13.137623715331419), np.float64(13.083173941693078), np.float64(12.92231412107925), np.float64(12.873645048380709), np.float64(12.8503887345771), np.float64(12.668762937623777), np.float64(12.634510062496505), np.float64(12.603462731890037), np.float64(12.484432623018861), np.float64(12.4187242655551), np.float64(12.405044960947777), np.float64(12.249646329330481), np.float64(12.088038141583903), np.float64(12.009085335605365), np.float64(11.827414878880374), np.float64(11.798257752340685), np.float64(11.68677053228542), np.float64(11.544831700435148), np.float64(11.387446282041925)]"
0,8.919341488487241,"[np.float64(20.83683844302946), np.float64(20.700851801265422), np.float64(20.598589282499404), np.float64(19.401753454455577), np.float64(19.02775915429818), np.float64(18.85087555861394), np.float64(18.377613429545445), np.float64(18.347178361293953), np.float64(17.365318333558704), np.float64(17.29583727390129), np.float64(16.805786839370157), np.float64(16.524718139991425), np.float64(16.024228606504614), np.float64(15.711125669208634), np.float64(15.386115446692552), np.float64(15.329113279390668), np.float64(14.916404403005368), np.float64(14.6767386077354), np.float64(14.588574576652336), np.float64(14.460256105142985), np.float64(14.365782724007477), np.float64(13.694810053254523), np.float64(13.599935763411846), np.float64(13.55876013372642), np.float64(13.528273229274838), np.float64(13.426157972360054), np.float64(13.311582786962147), np.float64(13.221749707895109), np.float64(13.14279675209161), np.float64(12.890065797759847), np.float64(12.70805694859089), np.float64(12.705369972993756), np.float64(12.703714265663578), np.float64(12.593388466896855), np.float64(12.39937516886864), np.float64(12.08363314106034), np.float64(12.06363537102844)]"
0,8.289431824066172,"[np.float64(19.76405093511417), np.float64(19.607832035759557), np.float64(18.845405315273858), np.float64(18.694508643243744), np.float64(17.995879507796307), np.float64(17.696813079341005), np.float64(17.665773189724593), np.float64(17.41575654429346), np.float64(16.933047227346158), np.float64(16.85474145853978), np.float64(16.10810506314083), np.float64(15.856022666816486), np.float64(15.826713929609994), np.float64(15.441570107016691), np.float64(14.926831061977492), np.float64(14.875319701745832), np.float64(14.696056310860294), np.float64(14.604794345222546), np.float64(14.478793820473735), np.float64(13.78828894870267), np.float64(13.35023042764101), np.float64(13.228016440603154), np.float64(13.196297914083852), np.float64(12.987982321060604), np.float64(12.781830343888567), np.float64(12.77511557270619), np.float64(12.58363360043654), np.float64(12.571095585376895), np.float64(12.417079177498593), np.float64(12.203890694610898), np.float64(12.014600045976229), np.float64(11.713230612013488), np.float64(11.6530237528456), np.float64(10.88341685619954), np.float64(10.859838792591832), np.float64(10.85874724829111), np.float64(10.844515015164838), np.float64(10.726892293854076), np.float64(10.638391272203613), np.float64(10.614691935576975), np.float64(10.544358466702747), np.float64(10.219649054612786), np.float64(10.156461921469441), np.float64(10.1375188835703), np.float64(10.11638533107649), np.float64(10.061481655681908), np.float64(9.763889964304909), np.float64(9.728418896730002), np.float64(9.52135471152013), np.float64(9.378470096975013), np.float64(9.37291582458241), np.float64(9.038396229389075), np.float64(8.940870556835726), np.float64(8.881493147854439), np.float64(8.880523685733937)]"
0,8.760599560893336,"[np.float64(17.433351135552147), np.float64(17.353226195503286), np.float64(16.97587642587251), np.float64(16.45001797834066), np.float64(16.398840320862178), np.float64(16.1254947192348), np.float64(15.747879893940214), np.float64(15.695102412803882), np.float64(15.636491067810846), np.float64(14.952159312489426), np.float64(14.917462605442024), np.float64(14.808249219711067), np.float64(14.568493648441004), np.float64(14.28685429584723), np.float64(14.14952387706705), np.float64(14.091391571755906), np.float64(14.083174251309433), np.float64(14.062648164955704), np.float64(14.019503547820788), np.float64(13.858169839198267), np.float64(13.770477575459386), np.float64(13.15965925881566), np.float64(12.883605251534336), np.float64(12.862309832358669), np.float64(12.851756498132154), np.float64(12.551591491849297), np.float64(12.396393246294267), np.float64(12.392253540416707), np.float64(12.285884469995885), np.float64(12.214486451579297), np.float64(12.014132593398543), np.float64(11.950399789026221), np.float64(11.448300788357765), np.float64(11.326989365689373), np.float64(11.278548242016154), np.float64(11.158599162740922), np.float64(10.782803132039001), np.float64(10.694506974040966), np.float64(10.40829667161437), np.float64(10.262103420766579), np.float64(10.197209265356271), np.float64(9.73404594757394), np.float64(9.637273456087971), np.float64(9.533240183236), np.float64(9.516745790832966)]"
0,8.512185494414432,"[np.float64(20.31934445946326), np.float64(19.97307103019836), np.float64(19.669650911917994), np.float64(18.41891261064522), np.float64(17.999412974061727), np.float64(17.830920385675313), np.float64(17.73078826511559), np.float64(16.592914276967733), np.float64(16.34026956839644), np.float64(16.17475135811933), np.float64(15.692898142335926), np.float64(15.587316855886515), np.float64(15.348280631944592), np.float64(15.035445774445149), np.float64(14.963975264038604), np.float64(14.933845663120518), np.float64(14.928591856707348), np.float64(14.918544591398824), np.float64(14.59397581481509), np.float64(13.841647330155446), np.float64(13.771339992444522), np.float64(13.57528957853728), np.float64(13.393719081535128), np.float64(12.77389820324615), np.float64(12.696179159049711), np.float64(12.444989397038904), np.float64(12.35530095964364), np.float64(12.048475576893846), np.float64(12.019073574580748), np.float64(11.825257616874627), np.float64(11.48494120018661), np.float64(11.4699512171634), np.float64(11.063798689725523), np.float64(10.985377831902726), np.float64(10.9745455723411), np.float64(10.83121947744686), np.float64(10.582574852310646), np.float64(10.480501415423108), np.float64(10.267309523113136), np.float64(9.906105925354913), np.float64(9.835445300518478), np.float64(9.833512341685944), np.float64(9.82698635072693), np.float64(9.306007779930495), np.float64(9.26181877874731), np.float64(9.050283616098561), np.float64(8.985935411113944), np.float64(8.87872772436593), np.float64(8.847358944056205), np.float64(8.758809090049196), np.float64(8.600614797406418), np.float64(8.580938352529445), np.float64(8.512185494414432)]"
0,9.726224591303158,"[np.float64(22.648980486918624), np.float64(22.392687766909333), np.float64(20.937287134271415), np.float64(20.52893204547842), np.float64(20.367813125514452), np.float64(19.402477452646284), np.float64(18.88440576076759), np.float64(18.7203148750729), np.float64(18.708724598046953), np.float64(18.706434905784853), np.float64(17.894304208701687), np.float64(16.98198720445608), np.float64(16.95231109598633), np.float64(16.79213804352707), np.float64(16.668831818375267), np.float64(15.840239666565461), np.float64(15.824470546403617), np.float64(15.777784783581227), np.float64(15.418382129247226), np.float64(15.363770548548777), np.float64(15.343753735698883), np.float64(15.27633645166858), np.float64(15.201805286754269), np.float64(15.17683390192097), np.float64(15.054521566458773), np.float64(14.665894979228128), np.float64(14.595992976710807), np.float64(14.502104267182657), np.float64(14.468651752540712), np.float64(14.448373332569988), np.float64(14.42208130293454), np.float64(14.306682626214066), np.float64(14.259306440876717), np.float64(14.223398927123874), np.float64(14.195081021258929), np.float64(14.183578180645085), np.float64(13.838816447499127), np.float64(13.687445714594933), np.float64(13.221006642131574), np.float64(13.128146701828571), np.float64(13.081783591924168), np.float64(13.056587324256123), np.float64(13.056308412114552), np.float64(12.435453931079907), np.float64(12.350786247563633), np.float64(12.194697632143876), np.float64(12.16477738899748), np.float64(12.150251278160981), np.float64(11.962542584900902), np.float64(11.489624182518384), np.float64(11.320478724962069)]"
0,9.560137169034446,"[np.float64(28.117508708135126), np.float64(27.46742975587491), np.float64(27.432637431047965), np.float64(26.901964772031768), np.float64(26.46034634610236), np.float64(25.908249593670483), np.float64(25.822820016446748), np.float64(25.021508149766394), np.float64(24.946335391250756), np.float64(24.742532377111964), np.float64(24.67780477648379), np.float64(24.675614283099268), np.float64(24.606129155549695), np.float64(24.232321824989942), np.float64(24.14307390372957), np.float64(24.12912394372112), np.float64(22.786128606375936), np.float64(22.73201292876936), np.float64(22.53218209991475), np.float64(22.21044308592709), np.float64(22.152776690874187), np.float64(21.596183881135673), np.float64(21.481445612014245), np.float64(21.23446927942689), np.float64(21.071637234136592), np.float64(21.067487078976416), np.float64(20.933103747300407), np.float64(20.40200300028973), np.float64(19.96341327573674), np.float64(19.89801713053526), np.float64(19.55687846780895), np.float64(19.12329410306043), np.float64(19.023860480728004), np.float64(18.830345303571004), np.float64(18.720515107205383), np.float64(18.68595300271961), np.float64(18.442891215710045), np.float64(18.28745850244452), np.float64(18.140335180032665), np.float64(18.038003729149878), np.float64(17.987196787971907), np.float64(17.585714153874743), np.float64(16.99235150796967), np.float64(16.879343257515796), np.float64(16.83563762876121), np.float64(16.242939550550144), np.float64(16.174990274172995), np.float64(15.728748047808628), np.float64(15.665504459787867), np.float64(15.664937370976086), np.float64(15.33310129089546), np.float64(15.294267962256026), np.float64(14.528773020297418), np.float64(14.325309039198485), np.float64(14.237543802189132), np.float64(14.133335564319957)]"
0,10.559727385460492,"[np.float64(26.267507818321757), np.float64(25.81866825371633), np.float64(25.555037945035377), np.float64(25.22496650438843), np.float64(25.13471421037685), np.float64(25.006700211513856), np.float64(24.486155267551023), np.float64(23.66530672366947), np.float64(23.50707092264295), np.float64(23.469453002996236), np.float64(23.129010069731574), np.float64(22.735208535078403), np.float64(22.23879292304298), np.float64(22.162062737632606), np.float64(21.942449312751428), np.float64(21.914868989661837), np.float64(21.83968512630804), np.float64(21.156100719447103), np.float64(20.996819361731156), np.float64(20.560185270527047), np.float64(20.5168915062941), np.float64(20.103164180516725), np.float64(20.04612724366765), np.float64(19.80075813713518), np.float64(19.62732417827992), np.float64(19.615467434234287), np.float64(19.600230255027988), np.float64(19.589211344952673), np.float64(19.346599805666862), np.float64(19.220668678178573), np.float64(19.077469669121953), np.float64(19.075709822825832), np.float64(18.86139623872403), np.float64(18.775219233220223), np.float64(18.552302222339115), np.float64(18.103075389998533), np.float64(16.95703705271714), np.float64(16.865800558029157), np.float64(16.85658684850281), np.float64(16.537570262686586), np.float64(16.24579928752564), np.float64(16.128371433805025), np.float64(15.39763307326823), np.float64(15.304491458918204), np.float64(14.944606994179312), np.float64(14.887526921811824), np.float64(14.851927349411943), np.float64(14.3315950136955), np.float64(13.930976129455637), np.float64(13.645933077473021), np.float64(13.425589130377968), np.float64(13.37611507367427), np.float64(13.090926467957168), np.float64(13.024856999669499), np.float64(13.008307989707472), np.float64(12.788040468880922), np.float64(12.728428670038408), np.float64(12.702035225770778), np.float64(12.418173883260396), np.float64(12.328349113370047), np.float64(12.179632349777822), np.float64(12.097683421511292), np.float64(12.01113357352881), np.float64(11.854739941377982), np.float64(11.842784896108705), np.float64(11.804755758273137), np.float64(11.733306979157927), np.float64(11.6159484552016)]"
0,9.667012383369489,"[np.float64(25.65245623733994), np.float64(25.57573659580048), np.float64(24.32985609504904), np.float64(24.227428112590076), np.float64(23.91244298649714), np.float64(22.17319035466739), np.float64(21.38572678305979), np.float64(21.382536619465856), np.float64(21.166785833584587), np.float64(20.850035697528245), np.float64(20.764332851629337), np.float64(20.584107360235787), np.float64(20.234989660302208), np.float64(20.233617604059045), np.float64(19.931369002626536), np.float64(19.71316961645878), np.float64(19.60075696640647), np.float64(19.445112648599064), np.float64(19.403408418766563), np.float64(19.09927459398285), np.float64(19.01118037876768), np.float64(19.009000253592845), np.float64(18.92928994656193), np.float64(18.864114757051755), np.float64(18.672173285673356), np.float64(18.560650392922796), np.float64(18.539348314627308), np.float64(18.175200312134386), np.float64(17.76141956970951), np.float64(17.726636735581383), np.float64(17.255680037016724), np.float64(17.255568310092613), np.float64(17.23176395817797), np.float64(17.16577621785823), np.float64(17.094908852404874), np.float64(17.00213143037399), np.float64(16.947281725376953), np.float64(16.935590339265595), np.float64(16.88552983511046), np.float64(16.597010655913813), np.float64(16.21162354954859), np.float64(16.155467353735403), np.float64(16.115398802410933), np.float64(16.113762208729405), np.float64(15.67175105742316), np.float64(15.499488466227959), np.float64(15.471252956537834), np.float64(15.431923059074952), np.float64(15.233537461386359), np.float64(14.870339434466617), np.float64(14.578924606587362), np.float64(14.505579287179371), np.float64(14.240837559377644), np.float64(14.218007499093005), np.float64(14.15089454447732), np.float64(14.015886627925816), np.float64(13.907353199937713), np.float64(13.877162144046487), np.float64(13.855320727563958), np.float64(13.851075139129463), np.float64(13.598864235600084), np.float64(13.559071776524762), np.float64(13.527348290976109), np.float64(13.514124384077041), np.float64(13.322542744755037), np.float64(13.02588306003484), np.float64(12.586475579160302), np.float64(12.57564996546012), np.float64(12.4698001230536), np.float64(12.428318624061307), np.float64(12.38148401885455), np.float64(12.228142855693395)]"
0,9.991252109395239,"[np.float64(26.785140833741472), np.float64(26.749120788287797), np.float64(26.37724277185557), np.float64(26.275876747228413), np.float64(25.899206124286696), np.float64(24.770358596920023), np.float64(24.70299970245394), np.float64(24.308607304705998), np.float64(24.29853518687113), np.float64(24.016872258623636), np.float64(23.93284693627284), np.float64(23.549657131820837), np.float64(22.514189367209124), np.float64(22.49831749290112), np.float64(22.272796108915745), np.float64(21.663835931037944), np.float64(21.475285972249754), np.float64(21.34954843038938), np.float64(21.141231289967376), np.float64(21.075705535023562), np.float64(20.990729492429576), np.float64(20.9268984959324), np.float64(20.704076802865874), np.float64(20.014066033319814), np.float64(19.42441758950881), np.float64(18.960466685513868), np.float64(18.643700391342062), np.float64(18.615642955136952), np.float64(18.564121313211025), np.float64(18.456984751894293), np.float64(17.828639416509972), np.float64(17.5393522056675), np.float64(17.451788439156324), np.float64(16.743951316111097), np.float64(16.700821679938308), np.float64(15.796942266071326), np.float64(15.789810216930576), np.float64(15.530747353003084), np.float64(15.413686898384064), np.float64(15.207785186814089), np.float64(14.77008514363289), np.float64(14.692137302437557), np.float64(14.596040078406208), np.float64(14.541935551829665), np.float64(14.402351737857275), np.float64(14.361269876862655), np.float64(14.180778772374712), np.float64(13.958550710724806), np.float64(13.506399153209337), np.float64(13.337301834350491), np.float64(13.311905434033523), np.float64(12.861149106283992), np.float64(12.659219940613792), np.float64(12.611404831997987), np.float64(12.568759505217997), np.float64(12.42195171453368), np.float64(12.389468180754793), np.float64(12.26089640853872), np.float64(12.14464143005856), np.float64(12.067085386635842), np.float64(12.036881083411593), np.float64(11.982594924224514), np.float64(11.953390536943587), np.float64(11.825415139993623)]"
0,11.511497887825051,"[np.float64(27.738382956144363), np.float64(27.27840846677822), np.float64(26.536101489012594), np.float64(26.45526594709808), np.float64(25.99349366910149), np.float64(25.747995557472358), np.float64(25.619608961064475), np.float64(25.47424037885441), np.float64(25.458119749565228), np.float64(25.103166381234026), np.float64(24.02850103857176), np.float64(23.691080672506388), np.float64(23.487925236617848), np.float64(22.72837538572937), np.float64(22.423733682715756), np.float64(22.19410401587932), np.float64(21.887517686510428), np.float64(21.492954290308006), np.float64(20.4221772841085), np.float64(20.343774312806644), np.float64(20.058535680304928), np.float64(20.006081352125115), np.float64(19.776006147928733), np.float64(19.669728515201378), np.float64(19.634095112403408), np.float64(19.476712360888058), np.float64(19.017623978550297), np.float64(18.906333443724947), np.float64(17.736339911998364), np.float64(17.239076581376825), np.float64(17.22694777643143), np.float64(17.059518454556457), np.float64(16.914273394982782), np.float64(16.783563794685566), np.float64(16.75877977961483), np.float64(16.581369083924347), np.float64(16.469886392282515), np.float64(16.132150552839327), np.float64(16.062508823752474), np.float64(16.046278144929953), np.float64(15.99363519716012), np.float64(15.407802800151092), np.float64(15.318704637444903), np.float64(15.218130151238443), np.float64(14.949197722352103), np.float64(14.557163229674414), np.float64(14.553279121061694), np.float64(14.437583733017322), np.float64(14.33515531404484), np.float64(14.238766733121041), np.float64(13.94312059026697), np.float64(13.91377798379454), np.float64(13.555615914204543), np.float64(13.490974422037871), np.float64(13.40997880976728), np.float64(13.349930163336401), np.float64(13.2466692189415), np.float64(13.213490776389538), np.float64(13.011942359503395), np.float64(12.95282952448767), np.float64(12.82321412271558), np.float64(12.819113120608966), np.float64(12.696460663668596), np.float64(12.393215353975558), np.float64(12.125046889183308), np.float64(12.013198874603582), np.float64(11.905855567030185), np.float64(11.90047119857518), np.float64(11.86757834744794), np.float64(11.862837945216425), np.float64(11.688132855354786), np.float64(11.600794083734174), np.float64(11.511497887825051)]"
0,10.74049343075494,"[np.float64(25.926680564518087), np.float64(25.53525023867616), np.float64(25.402649723381277), np.float64(23.678907738254843), np.float64(23.268936438770307), np.float64(22.75773462591983), np.float64(22.236575702983515), np.float64(21.211835399359625), np.float64(20.912170984594727), np.float64(20.61780580304757), np.float64(20.556086479964108), np.float64(19.73586969535786), np.float64(19.690499441002455), np.float64(19.435722099891116), np.float64(18.91499381443181), np.float64(18.912991229899383), np.float64(18.865919036666686), np.float64(18.623859038601225), np.float64(18.538150806552682), np.float64(18.26721763516063), np.float64(18.061040230559854), np.float64(17.673138288781264), np.float64(17.65720389557792), np.float64(17.48526741623039), np.float64(17.219657104908713)]"
0,11.434366333099778,"[np.float64(23.875656916326182), np.float64(23.791075165542924), np.float64(23.588400603082), np.float64(23.492600950293866), np.float64(23.459929162597216), np.float64(23.14765088024104), np.float64(22.68023147720125), np.float64(22.671357205442092), np.float64(22.13023931179315), np.float64(21.492584587060634), np.float64(21.314274570959334), np.float64(20.898654002286197), np.float64(20.635525269532504), np.float64(19.874733875332804), np.float64(19.676720550659034), np.float64(19.63932564304117), np.float64(19.50470514524938), np.float64(19.02854724105685), np.float64(18.71880594837047), np.float64(18.032949217432293), np.float64(18.018412694598357), np.float64(17.876464254789067), np.float64(17.812804712063684), np.float64(17.44443432316991), np.float64(17.381099878531725), np.float64(16.702030930534093), np.float64(16.40585033943019), np.float64(16.305664842491986), np.float64(16.305214898728906), np.float64(16.20391400434365), np.float64(15.952233759313938), np.float64(15.540773876252821), np.float64(15.413134984480008)]"
0,10.879598121298374,"[np.float64(29.675973690977404), np.float64(29.125600321068095), np.float64(28.709990129632303), np.float64(27.512349049837912), np.float64(26.956992393550742), np.float64(26.68863775815898), np.float64(25.99470860933766), np.float64(25.828160464700733), np.float64(25.687233156354658), np.float64(24.76569623778219), np.float64(23.981067959188373), np.float64(23.882561938666452), np.float64(23.823277438531054), np.float64(23.553825299804835), np.float64(22.855926073278056), np.float64(22.554613321856596), np.float64(22.504563398794907), np.float64(22.48390039776448), np.float64(21.48759249615747), np.float64(21.29359104489048), np.float64(21.074913925689827), np.float64(20.49950725816961), np.float64(20.114864176930592), np.float64(19.819706929137443), np.float64(19.320591294007272), np.float64(19.112713531960043), np.float64(18.93965409200486), np.float64(18.677468886727656), np.float64(18.579164068795052), np.float64(18.343364507508), np.float64(18.236889511250798), np.float64(18.20621581574022), np.float64(18.052942150047112), np.float64(17.780128462903065), np.float64(17.093451348987138), np.float64(16.296057890637226), np.float64(16.244918998663604), np.float64(16.244226278201953), np.float64(16.221810848487145), np.float64(15.773637720429814), np.float64(15.717689491419335), np.float64(15.699665843895444), np.float64(15.346925168019018), np.float64(15.172182722183587), np.float64(15.120349742510065), np.float64(15.118730923501563), np.float64(15.006483135663684), np.float64(14.834811308022356), np.float64(14.637927612678858), np.float64(14.631262194186641), np.float64(14.62242652814385), np.float64(14.50818305501309), np.float64(14.507518454724426), np.float64(14.481864857041451), np.float64(14.420252706635402), np.float64(14.195491168846832), np.float64(14.143022547232825), np.float64(14.128172096053596), np.float64(14.012674331608817), np.float64(13.980808962645037), np.float64(13.720742662710611), np.float64(13.557192063735378), np.float64(13.551744667880659), np.float64(13.47541628540329), np.float64(13.285264395495853), np.float64(13.105430992460745), np.float64(13.101875539766452), np.float64(13.071240806169387), np.float64(12.709493599874666), np.float64(12.580270428582256), np.float64(12.327926060924895), np.float64(12.160115999961882)]"
0,10.540921592178846,"[np.float64(23.932763845867104), np.float64(23.8186576165923), np.float64(23.49961091739336), np.float64(23.332068854083143), np.float64(23.217209496343155), np.float64(22.968365894832086), np.float64(22.510743129060447), np.float64(22.20345737092629), np.float64(20.691190571166985), np.float64(20.58374163873739), np.float64(19.810680992241345), np.float64(19.45499627214787), np.float64(19.422346478277692), np.float64(19.318747916306634), np.float64(19.2048589269261), np.float64(18.99392671883713), np.float64(18.960202459320033), np.float64(18.498713387130945), np.float64(18.298434244557267), np.float64(18.09707462613074), np.float64(18.086006778453655), np.float64(18.041060300049917), np.float64(17.84458270450039), np.float64(17.691757363154736), np.float64(17.557567445319318), np.float64(17.52540956398557), np.float64(17.43976028673479), np.float64(17.157922999427804), np.float64(16.779307907196742), np.float64(16.753670530561042), np.float64(16.735806641100233), np.float64(16.651374866911556), np.float64(16.543745907944075), np.float64(15.896936006449042), np.float64(15.420384295504318), np.float64(15.174007785498084), np.float64(14.440681682890924), np.float64(14.247424617636446), np.float64(14.017889695651705), np.float64(13.790723138258759), np.float64(13.775247305547236), np.float64(13.512246607554967), np.float64(13.479466788205249), np.float64(13.207377057500047), np.float64(13.170050600081424), np.float64(12.896851782753611), np.float64(12.862184894683542), np.float64(12.835478795209825), np.float64(12.643755163105402), np.float64(12.309943349804259), np.float64(12.181720488627974), np.float64(12.134849647477132), np.float64(12.110516342723347), np.float64(12.034404831820101), np.float64(11.842214384385914), np.float64(11.748050655073573)]"
0,10.295741482054453,"[np.float64(26.94855717648396), np.float64(26.177114997492325), np.float64(24.86420692990103), np.float64(24.39554350235729), np.float64(24.203696729318544), np.float64(24.070594853949594), np.float64(23.797281289012822), np.float64(23.601012944390053), np.float64(23.43645816609449), np.float64(23.005553809129097), np.float64(22.20691090781437), np.float64(21.925091824625458), np.float64(21.471613194029043), np.float64(21.05776126750877), np.float64(21.016108905554034), np.float64(20.45533815507027), np.float64(20.368560715819417), np.float64(20.230921789988994), np.float64(19.979074835566554), np.float64(19.52722868457662), np.float64(19.176254750664604), np.float64(19.01835573731896), np.float64(18.911756730224372), np.float64(18.698131590363715), np.float64(18.3056243284045), np.float64(18.01522182065891), np.float64(17.73371350731551), np.float64(17.701960079018143), np.float64(17.44177634905165), np.float64(17.21426752094673), np.float64(17.189053425232796), np.float64(17.140621752710622), np.float64(17.08108831254108), np.float64(16.947537793136522), np.float64(16.91773136992373), np.float64(16.744760764841274), np.float64(15.87711740040892), np.float64(15.542805691918677), np.float64(15.528649735252198), np.float64(15.4860080265337), np.float64(15.45424621743889), np.float64(15.424712412308127), np.float64(15.069889935645401), np.float64(14.777760003062824), np.float64(13.867929492653895), np.float64(13.770851007037308), np.float64(13.718146595030854), np.float64(13.690010678011712), np.float64(12.907012308369131), np.float64(12.882606129384204), np.float64(12.788694612280619), np.float64(12.539987122012954), np.float64(12.196497428187996), np.float64(12.069295669697784), np.float64(11.975578397517049), np.float64(11.943095312515041), np.float64(11.606848720289117)]"
