,n,avg_real,avg_cpu,med_cost,matrix,expanded nodes
0,5,2497000.0,0.0,2.249612736828632,matrices/5_random_adj_mat_0.txt,8
0,5,2218300.0,0.0,2.4324100724478357,matrices/5_random_adj_mat_1.txt,14
0,5,2057400.0,15625000.0,2.092769076252572,matrices/5_random_adj_mat_2.txt,7
0,5,2063800.0,0.0,1.730408540073093,matrices/5_random_adj_mat_3.txt,7
0,5,2286800.0,0.0,1.8381227481602795,matrices/5_random_adj_mat_4.txt,13
0,5,2261300.0,0.0,2.907493662653474,matrices/5_random_adj_mat_5.txt,10
0,5,1976700.0,0.0,2.9076783169773255,matrices/5_random_adj_mat_6.txt,8
0,5,2503600.0,0.0,2.7273840284710706,matrices/5_random_adj_mat_7.txt,7
0,5,3088400.0,0.0,2.1307530483783985,matrices/5_random_adj_mat_8.txt,6
0,5,2411100.0,0.0,2.616055718212318,matrices/5_random_adj_mat_9.txt,13
0,6,4426300.0,0.0,2.6549481998199593,matrices/6_random_adj_mat_0.txt,9
0,6,4634800.0,0.0,2.3857942300953416,matrices/6_random_adj_mat_1.txt,9
0,6,3832800.0,15625000.0,2.5826910133607814,matrices/6_random_adj_mat_2.txt,7
0,6,5539200.0,0.0,2.624479955310725,matrices/6_random_adj_mat_3.txt,26
0,6,4574100.0,0.0,2.204890873346207,matrices/6_random_adj_mat_4.txt,8
0,6,4290700.0,0.0,2.1213700507683013,matrices/6_random_adj_mat_5.txt,8
0,6,6240500.0,0.0,1.7547496920325507,matrices/6_random_adj_mat_6.txt,13
0,6,3307100.0,15625000.0,1.9668510853745373,matrices/6_random_adj_mat_7.txt,8
0,6,4008300.0,0.0,2.4785680059775688,matrices/6_random_adj_mat_8.txt,23
0,6,4753500.0,0.0,2.4426248321788395,matrices/6_random_adj_mat_9.txt,23
0,7,4798400.0,15625000.0,2.5485158336662055,matrices/7_random_adj_mat_0.txt,12
0,7,8035800.0,0.0,2.1133715738835726,matrices/7_random_adj_mat_1.txt,67
0,7,8799800.0,15625000.0,2.765538655869785,matrices/7_random_adj_mat_2.txt,53
0,7,7097500.0,15625000.0,2.846818037575111,matrices/7_random_adj_mat_3.txt,28
0,7,5651000.0,0.0,2.490845941532837,matrices/7_random_adj_mat_4.txt,19
0,7,4743500.0,15625000.0,2.5723564469140525,matrices/7_random_adj_mat_5.txt,9
0,7,8478000.0,0.0,2.399317511596459,matrices/7_random_adj_mat_6.txt,70
0,7,9194100.0,15625000.0,2.8691626616349586,matrices/7_random_adj_mat_7.txt,67
0,7,4881200.0,0.0,2.313145784495734,matrices/7_random_adj_mat_8.txt,11
0,7,6093900.0,15625000.0,1.9213979013365259,matrices/7_random_adj_mat_9.txt,18
0,8,15981300.0,15625000.0,2.169253240672645,matrices/8_random_adj_mat_0.txt,147
0,8,15420200.0,15625000.0,2.617022360072963,matrices/8_random_adj_mat_1.txt,72
0,8,14215300.0,15625000.0,2.922101088853702,matrices/8_random_adj_mat_2.txt,111
0,8,8944400.0,15625000.0,2.5500304966934046,matrices/8_random_adj_mat_3.txt,27
0,8,11481100.0,0.0,2.259541309300535,matrices/8_random_adj_mat_4.txt,52
0,8,15250600.0,0.0,2.5947795613832856,matrices/8_random_adj_mat_5.txt,136
0,8,14493300.0,15625000.0,2.6801242091455997,matrices/8_random_adj_mat_6.txt,105
0,8,6372300.0,0.0,2.653053185766895,matrices/8_random_adj_mat_7.txt,13
0,8,9137300.0,15625000.0,2.9245232677730284,matrices/8_random_adj_mat_8.txt,29
0,8,8341000.0,0.0,2.3974053238819213,matrices/8_random_adj_mat_9.txt,31
0,9,25254700.0,31250000.0,2.7619467561551287,matrices/9_random_adj_mat_0.txt,121
0,9,10800800.0,15625000.0,3.425061693053154,matrices/9_random_adj_mat_1.txt,24
0,9,16826300.0,15625000.0,2.976243492945899,matrices/9_random_adj_mat_2.txt,51
0,9,36636500.0,31250000.0,2.4796224566556866,matrices/9_random_adj_mat_3.txt,658
0,9,30329200.0,15625000.0,2.748789980645658,matrices/9_random_adj_mat_4.txt,210
0,9,10853000.0,0.0,2.7163262667987818,matrices/9_random_adj_mat_5.txt,24
0,9,19505000.0,31250000.0,2.8945244142259123,matrices/9_random_adj_mat_6.txt,84
0,9,25154300.0,15625000.0,3.4309257711030487,matrices/9_random_adj_mat_7.txt,137
0,9,10010400.0,15625000.0,2.9485998664242383,matrices/9_random_adj_mat_8.txt,26
0,9,13856700.0,15625000.0,2.2509074693075624,matrices/9_random_adj_mat_9.txt,53
0,10,24059900.0,31250000.0,2.4264022434978916,matrices/10_random_adj_mat_0.txt,64
0,10,15223800.0,15625000.0,2.91984797950471,matrices/10_random_adj_mat_1.txt,32
0,10,18763100.0,15625000.0,3.351320331000942,matrices/10_random_adj_mat_2.txt,41
0,10,30483100.0,31250000.0,3.297805212130009,matrices/10_random_adj_mat_3.txt,137
0,10,11723100.0,15625000.0,3.2268629179918995,matrices/10_random_adj_mat_4.txt,24
0,10,9322400.0,15625000.0,2.334051028911734,matrices/10_random_adj_mat_5.txt,19
0,10,16312700.0,15625000.0,2.8527480232166775,matrices/10_random_adj_mat_6.txt,34
0,10,8845300.0,0.0,2.836224058799113,matrices/10_random_adj_mat_7.txt,14
0,10,33158400.0,31250000.0,2.983899143056186,matrices/10_random_adj_mat_8.txt,142
0,10,14317200.0,15625000.0,2.828184716381501,matrices/10_random_adj_mat_9.txt,27
0,15,153365000.0,156250000.0,3.679208701557944,matrices/15_random_adj_mat_0.txt,371
0,15,207856800.0,203125000.0,3.2927732135176573,matrices/15_random_adj_mat_1.txt,677
0,15,87349900.0,93750000.0,3.3761934836352916,matrices/15_random_adj_mat_2.txt,128
0,15,313384900.0,312500000.0,3.255522178875017,matrices/15_random_adj_mat_3.txt,1563
0,15,56601800.0,62500000.0,3.0376088161830257,matrices/15_random_adj_mat_4.txt,70
0,15,191894300.0,187500000.0,3.034791260708352,matrices/15_random_adj_mat_5.txt,352
0,15,183638800.0,187500000.0,2.8747424255513714,matrices/15_random_adj_mat_6.txt,395
0,15,312004400.0,312500000.0,2.953731551886327,matrices/15_random_adj_mat_7.txt,1179
0,15,34024900.0,31250000.0,2.781896341181247,matrices/15_random_adj_mat_8.txt,41
0,15,127804200.0,140625000.0,3.279437951566352,matrices/15_random_adj_mat_9.txt,221
0,20,26255846200.0,26156250000.0,3.7074426667791287,matrices/20_random_adj_mat_0.txt,194943
0,20,4230806600.0,4234375000.0,4.375786140605382,matrices/20_random_adj_mat_1.txt,20638
0,20,863712000.0,859375000.0,3.9633563103617404,matrices/20_random_adj_mat_2.txt,1723
0,20,3152223300.0,3156250000.0,4.1051862170918,matrices/20_random_adj_mat_3.txt,7628
0,20,211300500.0,218750000.0,3.483894774010487,matrices/20_random_adj_mat_4.txt,390
0,20,170143600.0,171875000.0,3.3650292539189626,matrices/20_random_adj_mat_5.txt,216
0,20,206469900.0,203125000.0,3.8691641956046054,matrices/20_random_adj_mat_6.txt,341
0,20,292223800.0,296875000.0,3.333998744542598,matrices/20_random_adj_mat_7.txt,528
0,20,13828580900.0,13734375000.0,4.662431349587166,matrices/20_random_adj_mat_8.txt,85613
0,20,834938000.0,828125000.0,3.652638422142972,matrices/20_random_adj_mat_9.txt,1688
0,25,434219400.0,437500000.0,3.6342762599167586,matrices/25_random_adj_mat_0.txt,1559
0,25,70195654200.0,69640625000.0,4.463066510004422,matrices/25_random_adj_mat_1.txt,336785
0,25,60503272400.0,60234375000.0,3.9882587006723185,matrices/25_random_adj_mat_2.txt,236556
0,25,17537476000.0,17437500000.0,4.208921780176543,matrices/25_random_adj_mat_3.txt,58584
0,25,178663153000.0,177812500000.0,4.56707300546974,matrices/25_random_adj_mat_4.txt,993832
0,25,1204937500.0,1203125000.0,4.3329301064023955,matrices/25_random_adj_mat_5.txt,464
0,25,10468414900.0,10406250000.0,3.85151350992168,matrices/25_random_adj_mat_6.txt,29179
0,25,17619930700.0,17562500000.0,4.54583136685953,matrices/25_random_adj_mat_7.txt,45010
0,25,1611336000.0,1625000000.0,4.196332436506655,matrices/25_random_adj_mat_8.txt,6517
0,25,4944819900.0,4937500000.0,3.8068917710510775,matrices/25_random_adj_mat_9.txt,12842
0,30,5107122800.0,5078125000.0,4.510269489491204,matrices/30_random_adj_mat_0.txt,8561
0,30,55828470800.0,55562500000.0,4.598312744721495,matrices/30_random_adj_mat_1.txt,97906
0,30,88930309000.0,88546875000.0,4.78510598481993,matrices/30_random_adj_mat_2.txt,294260
0,30,46085359100.0,45953125000.0,4.935912045506208,matrices/30_random_adj_mat_3.txt,71574
0,30,60396465900.0,60125000000.0,4.6616956398895395,matrices/30_random_adj_mat_4.txt,124741
0,30,11919111400.0,11843750000.0,4.983331747361791,matrices/30_random_adj_mat_5.txt,18142
0,30,38524875800.0,38375000000.0,4.191485263985936,matrices/30_random_adj_mat_6.txt,138078
0,30,409511388300.0,385453125000.0,4.727628235175883,matrices/30_random_adj_mat_7.txt,1944403
0,30,82107757800.0,80968750000.0,4.906840716452356,matrices/30_random_adj_mat_8.txt,239212
0,30,27324461900.0,27234375000.0,4.463347246473458,matrices/30_random_adj_mat_9.txt,40398
