,n,avg_real,avg_cpu,med_cost,matrix,popsize
0,5,7008020.0,6875000.0,2.249612736828632,matrices/5_random_adj_mat_0.txt,10
0,5,6946992.0,6875000.0,2.4324100724478357,matrices/5_random_adj_mat_1.txt,10
0,5,6953440.0,6875000.0,2.092769076252572,matrices/5_random_adj_mat_2.txt,10
0,5,6965624.0,6875000.0,1.730408540073093,matrices/5_random_adj_mat_3.txt,10
0,5,6913176.0,6875000.0,1.8381227481602793,matrices/5_random_adj_mat_4.txt,10
0,5,7012032.0,7500000.0,2.907493662653474,matrices/5_random_adj_mat_5.txt,10
0,5,7164584.0,6875000.0,2.907678316977325,matrices/5_random_adj_mat_6.txt,10
0,5,7188964.0,7500000.0,2.72738402847107,matrices/5_random_adj_mat_7.txt,10
0,5,6913428.0,6875000.0,2.1307530483783985,matrices/5_random_adj_mat_8.txt,10
0,5,7024240.0,6875000.0,2.616055718212318,matrices/5_random_adj_mat_9.txt,10
0,6,9387436.0,9375000.0,2.6549481998199593,matrices/6_random_adj_mat_0.txt,10
0,6,9207556.0,8750000.0,2.3857942300953416,matrices/6_random_adj_mat_1.txt,10
0,6,8914276.0,9375000.0,2.5826910133607814,matrices/6_random_adj_mat_2.txt,10
0,6,8879964.0,8750000.0,2.6244799553107248,matrices/6_random_adj_mat_3.txt,10
0,6,8874800.0,8750000.0,2.204890873346207,matrices/6_random_adj_mat_4.txt,10
0,6,9401924.0,9375000.0,2.1213700507683013,matrices/6_random_adj_mat_5.txt,10
0,6,9084952.0,9375000.0,1.7547496920325507,matrices/6_random_adj_mat_6.txt,10
0,6,9117192.0,9375000.0,1.9668510853745371,matrices/6_random_adj_mat_7.txt,10
0,6,8923200.0,8750000.0,2.4785680059775683,matrices/6_random_adj_mat_8.txt,10
0,6,9019212.0,9375000.0,2.442624832178839,matrices/6_random_adj_mat_9.txt,10
0,7,11112016.0,10625000.0,2.5485158336662055,matrices/7_random_adj_mat_0.txt,10
0,7,11163052.0,10625000.0,2.1133715738835726,matrices/7_random_adj_mat_1.txt,10
0,7,11014716.0,10000000.0,2.765538655869785,matrices/7_random_adj_mat_2.txt,10
0,7,11095196.0,11250000.0,2.846818037575111,matrices/7_random_adj_mat_3.txt,10
0,7,11086212.0,11250000.0,2.490845941532837,matrices/7_random_adj_mat_4.txt,10
0,7,10891156.0,10625000.0,2.5723564469140525,matrices/7_random_adj_mat_5.txt,10
0,7,11025100.0,11250000.0,2.399317511596459,matrices/7_random_adj_mat_6.txt,10
0,7,10986816.0,10625000.0,2.869162661634958,matrices/7_random_adj_mat_7.txt,10
0,7,10939580.0,10625000.0,2.3131457844957337,matrices/7_random_adj_mat_8.txt,10
0,7,11107564.0,11250000.0,1.9213979013365257,matrices/7_random_adj_mat_9.txt,10
0,8,13406756.0,13750000.0,2.1692532406726444,matrices/8_random_adj_mat_0.txt,10
0,8,13888904.0,13750000.0,2.617022360072963,matrices/8_random_adj_mat_1.txt,10
0,8,13330288.0,13125000.0,2.922101088853702,matrices/8_random_adj_mat_2.txt,10
0,8,13362444.0,13125000.0,2.5500304966934046,matrices/8_random_adj_mat_3.txt,10
0,8,13293928.0,13125000.0,2.2595413093005345,matrices/8_random_adj_mat_4.txt,10
0,8,13375836.0,13125000.0,2.5947795613832856,matrices/8_random_adj_mat_5.txt,10
0,8,13218588.0,13125000.0,2.6801242091455992,matrices/8_random_adj_mat_6.txt,10
0,8,13349936.0,13750000.0,2.653053185766895,matrices/8_random_adj_mat_7.txt,10
0,8,13312472.0,13125000.0,2.9245232677730293,matrices/8_random_adj_mat_8.txt,10
0,8,13258164.0,13125000.0,2.3974053238819213,matrices/8_random_adj_mat_9.txt,10
0,9,15801448.0,16250000.0,2.7619467561551287,matrices/9_random_adj_mat_0.txt,10
0,9,15970364.0,15625000.0,3.4250616930531534,matrices/9_random_adj_mat_1.txt,10
0,9,16195184.0,16250000.0,2.9762434929458994,matrices/9_random_adj_mat_2.txt,10
0,9,16399620.0,16875000.0,2.4796224566556866,matrices/9_random_adj_mat_3.txt,10
0,9,16143584.0,16250000.0,2.748789980645658,matrices/9_random_adj_mat_4.txt,10
0,9,16166736.0,16250000.0,2.7163262667987818,matrices/9_random_adj_mat_5.txt,10
0,9,16698048.0,16250000.0,2.894524414225913,matrices/9_random_adj_mat_6.txt,10
0,9,16676056.0,15625000.0,3.4309257711030487,matrices/9_random_adj_mat_7.txt,10
0,9,16697232.0,16875000.0,2.9485998664242383,matrices/9_random_adj_mat_8.txt,10
0,9,16037576.0,16250000.0,2.2771753644261548,matrices/9_random_adj_mat_9.txt,10
0,10,18891860.0,18750000.0,2.4264022434978916,matrices/10_random_adj_mat_0.txt,10
0,10,18713048.0,18750000.0,2.9198479795047105,matrices/10_random_adj_mat_1.txt,10
0,10,18907228.0,19375000.0,3.351320331000942,matrices/10_random_adj_mat_2.txt,10
0,10,18596652.0,18125000.0,3.297805212130009,matrices/10_random_adj_mat_3.txt,10
0,10,18705400.0,18750000.0,3.2268629179918995,matrices/10_random_adj_mat_4.txt,10
0,10,19037196.0,18750000.0,2.3340510289117335,matrices/10_random_adj_mat_5.txt,10
0,10,18955520.0,19375000.0,2.8527480232166775,matrices/10_random_adj_mat_6.txt,10
0,10,18791920.0,18750000.0,2.836224058799113,matrices/10_random_adj_mat_7.txt,10
0,10,18768668.0,18750000.0,2.983899143056186,matrices/10_random_adj_mat_8.txt,10
0,10,18700760.0,18750000.0,2.828184716381501,matrices/10_random_adj_mat_9.txt,10
0,15,37532040.0,37500000.0,4.031921331693513,matrices/15_random_adj_mat_0.txt,10
0,15,37094152.0,36875000.0,3.6301846068360017,matrices/15_random_adj_mat_1.txt,10
0,15,37156760.0,36875000.0,3.7162740679024613,matrices/15_random_adj_mat_2.txt,10
0,15,37042620.0,36875000.0,3.472999059273081,matrices/15_random_adj_mat_3.txt,10
0,15,36822184.0,36875000.0,3.4306049739130176,matrices/15_random_adj_mat_4.txt,10
0,15,38002856.0,37500000.0,3.1839379338749776,matrices/15_random_adj_mat_5.txt,10
0,15,37282740.0,36875000.0,3.130771411951542,matrices/15_random_adj_mat_6.txt,10
0,15,36932244.0,36875000.0,3.2322537617704907,matrices/15_random_adj_mat_7.txt,10
0,15,36661764.0,36875000.0,3.108707052265364,matrices/15_random_adj_mat_8.txt,10
0,15,37012948.0,36875000.0,3.6414210109845664,matrices/15_random_adj_mat_9.txt,10
0,20,63362608.0,63125000.0,4.517608567672808,matrices/20_random_adj_mat_0.txt,10
0,20,62999732.0,62500000.0,5.510041469097823,matrices/20_random_adj_mat_1.txt,10
0,20,63207000.0,63125000.0,5.1780902310548145,matrices/20_random_adj_mat_2.txt,10
0,20,63158956.0,63125000.0,5.160284514530311,matrices/20_random_adj_mat_3.txt,10
0,20,63304324.0,63125000.0,4.881564304231277,matrices/20_random_adj_mat_4.txt,10
0,20,62415196.0,61250000.0,4.455552700464596,matrices/20_random_adj_mat_5.txt,10
0,20,62505620.0,62500000.0,4.970858726240699,matrices/20_random_adj_mat_6.txt,10
0,20,63396708.0,63125000.0,4.368060531271823,matrices/20_random_adj_mat_7.txt,10
0,20,62852084.0,63125000.0,5.775395728507003,matrices/20_random_adj_mat_8.txt,10
0,20,62652740.0,62500000.0,4.716725241268495,matrices/20_random_adj_mat_9.txt,10
0,25,99937908.0,100000000.0,5.508862104466121,matrices/25_random_adj_mat_0.txt,10
0,25,97175360.0,97500000.0,6.381137317481997,matrices/25_random_adj_mat_1.txt,10
0,25,98114448.0,98125000.0,5.891831182241052,matrices/25_random_adj_mat_2.txt,10
0,25,97695376.0,97500000.0,5.937249360395296,matrices/25_random_adj_mat_3.txt,10
0,25,97710700.0,98125000.0,6.111159201618799,matrices/25_random_adj_mat_4.txt,10
0,25,98577976.0,98125000.0,6.701814508485809,matrices/25_random_adj_mat_5.txt,10
0,25,97907916.0,97500000.0,5.457330260591624,matrices/25_random_adj_mat_6.txt,10
0,25,97016888.0,96875000.0,6.6771334842495635,matrices/25_random_adj_mat_7.txt,10
0,25,97937464.0,97500000.0,6.463202130249407,matrices/25_random_adj_mat_8.txt,10
0,25,97258132.0,96875000.0,5.661183792192126,matrices/25_random_adj_mat_9.txt,10
0,30,140224076.0,140625000.0,8.221389302520427,matrices/30_random_adj_mat_0.txt,10
0,30,140714348.0,140625000.0,7.878052251420698,matrices/30_random_adj_mat_1.txt,10
0,30,143555164.0,143750000.0,8.138462714253585,matrices/30_random_adj_mat_2.txt,10
0,30,140122892.0,140000000.0,8.589039524715519,matrices/30_random_adj_mat_3.txt,10
0,30,140688828.0,140625000.0,8.157796327710388,matrices/30_random_adj_mat_4.txt,10
0,30,140448064.0,140625000.0,8.973845256486381,matrices/30_random_adj_mat_5.txt,10
0,30,140030192.0,140000000.0,8.00647236053425,matrices/30_random_adj_mat_6.txt,10
0,30,140959068.0,141250000.0,8.118112880714222,matrices/30_random_adj_mat_7.txt,10
0,30,143183500.0,142500000.0,8.242444953949448,matrices/30_random_adj_mat_8.txt,10
0,30,140931288.0,140000000.0,7.619667559668651,matrices/30_random_adj_mat_9.txt,10
0,30,140764360.0,140625000.0,8.355466541667628,matrices/30_random_adj_mat_0.txt,10
0,30,142009124.0,140625000.0,7.874616994952692,matrices/30_random_adj_mat_1.txt,10
0,30,141069392.0,140625000.0,8.18030702093749,matrices/30_random_adj_mat_2.txt,10
0,30,141864244.0,141250000.0,8.473666936637846,matrices/30_random_adj_mat_3.txt,10
0,30,142464172.0,141250000.0,8.26189558167957,matrices/30_random_adj_mat_4.txt,10
0,30,140538032.0,140625000.0,8.981836842258302,matrices/30_random_adj_mat_5.txt,10
0,30,140156472.0,140000000.0,7.831186556974384,matrices/30_random_adj_mat_6.txt,10
0,30,140213984.0,140000000.0,8.147816682695069,matrices/30_random_adj_mat_7.txt,10
0,30,141719972.0,141875000.0,8.271733595242774,matrices/30_random_adj_mat_8.txt,10
0,30,141403368.0,140625000.0,7.5159754293684315,matrices/30_random_adj_mat_9.txt,10
0,40,261041164.0,260000000.0,12.591020185759781,matrices/40_random_adj_mat_0.txt,10
0,40,258747900.0,257500000.0,11.684326195436228,matrices/40_random_adj_mat_1.txt,10
0,40,258718836.0,256875000.0,12.253268306446884,matrices/40_random_adj_mat_2.txt,10
0,40,258316740.0,258750000.0,12.183695709018659,matrices/40_random_adj_mat_3.txt,10
0,40,259504504.0,258750000.0,11.08579236418223,matrices/40_random_adj_mat_4.txt,10
0,40,259444384.0,258750000.0,12.327626530590559,matrices/40_random_adj_mat_5.txt,10
0,40,259545848.0,258750000.0,10.511085523644521,matrices/40_random_adj_mat_6.txt,10
0,40,259534064.0,258750000.0,11.580582463431472,matrices/40_random_adj_mat_7.txt,10
0,40,259421284.0,259375000.0,11.689520424841458,matrices/40_random_adj_mat_8.txt,10
0,40,260095908.0,260000000.0,12.929025774775457,matrices/40_random_adj_mat_9.txt,10
0,50,427464136.0,426250000.0,16.684426528374367,matrices/50_random_adj_mat_0.txt,10
0,50,424706220.0,424375000.0,15.789997452828697,matrices/50_random_adj_mat_1.txt,10
0,50,427257552.0,425625000.0,15.213641393237546,matrices/50_random_adj_mat_2.txt,10
0,50,426913344.0,425625000.0,15.647246120459002,matrices/50_random_adj_mat_3.txt,10
0,50,426648948.0,426875000.0,16.675590640002184,matrices/50_random_adj_mat_4.txt,10
0,50,425875564.0,425000000.0,16.241913100532717,matrices/50_random_adj_mat_5.txt,10
0,50,427370804.0,427500000.0,16.23955530639214,matrices/50_random_adj_mat_6.txt,10
0,50,426344532.0,425625000.0,16.371186264504626,matrices/50_random_adj_mat_7.txt,10
0,50,426195888.0,424375000.0,15.804699571595933,matrices/50_random_adj_mat_8.txt,10
0,50,428288172.0,427500000.0,15.595352067324205,matrices/50_random_adj_mat_9.txt,10
0,5,7691420.0,7500000.0,2.249612736828632,matrices/5_random_adj_mat_0.txt,20
0,5,7329512.0,7500000.0,2.4324100724478357,matrices/5_random_adj_mat_1.txt,20
0,5,7308812.0,7500000.0,2.092769076252572,matrices/5_random_adj_mat_2.txt,20
0,5,7665912.0,7500000.0,1.730408540073093,matrices/5_random_adj_mat_3.txt,20
0,5,7424284.0,7500000.0,1.8381227481602793,matrices/5_random_adj_mat_4.txt,20
0,5,7334536.0,7500000.0,2.907493662653474,matrices/5_random_adj_mat_5.txt,20
0,5,7465232.0,7500000.0,2.907678316977325,matrices/5_random_adj_mat_6.txt,20
0,5,7428364.0,6875000.0,2.72738402847107,matrices/5_random_adj_mat_7.txt,20
0,5,7326960.0,7500000.0,2.1307530483783985,matrices/5_random_adj_mat_8.txt,20
0,5,7302940.0,7500000.0,2.616055718212318,matrices/5_random_adj_mat_9.txt,20
0,6,9244196.0,9375000.0,2.6549481998199593,matrices/6_random_adj_mat_0.txt,20
0,6,9449788.0,9375000.0,2.3857942300953416,matrices/6_random_adj_mat_1.txt,20
0,6,9303484.0,9375000.0,2.5826910133607814,matrices/6_random_adj_mat_2.txt,20
0,6,9244348.0,9375000.0,2.6244799553107248,matrices/6_random_adj_mat_3.txt,20
0,6,9570760.0,9375000.0,2.204890873346207,matrices/6_random_adj_mat_4.txt,20
0,6,9758540.0,10000000.0,2.1213700507683013,matrices/6_random_adj_mat_5.txt,20
0,6,9480028.0,9375000.0,1.7547496920325507,matrices/6_random_adj_mat_6.txt,20
0,6,9377152.0,8750000.0,1.9668510853745371,matrices/6_random_adj_mat_7.txt,20
0,6,9840008.0,10000000.0,2.4785680059775683,matrices/6_random_adj_mat_8.txt,20
0,6,9381240.0,9375000.0,2.442624832178839,matrices/6_random_adj_mat_9.txt,20
0,7,11460044.0,11875000.0,2.5485158336662055,matrices/7_random_adj_mat_0.txt,20
0,7,12759556.0,12500000.0,2.1133715738835726,matrices/7_random_adj_mat_1.txt,20
0,7,11564780.0,11250000.0,2.765538655869785,matrices/7_random_adj_mat_2.txt,20
0,7,11472288.0,11250000.0,2.846818037575111,matrices/7_random_adj_mat_3.txt,20
0,7,11443348.0,11875000.0,2.490845941532837,matrices/7_random_adj_mat_4.txt,20
0,7,11743732.0,10625000.0,2.5723564469140525,matrices/7_random_adj_mat_5.txt,20
0,7,11363108.0,11250000.0,2.399317511596459,matrices/7_random_adj_mat_6.txt,20
0,7,11425728.0,11250000.0,2.869162661634958,matrices/7_random_adj_mat_7.txt,20
0,7,11463168.0,11875000.0,2.3131457844957337,matrices/7_random_adj_mat_8.txt,20
0,7,11407788.0,11250000.0,1.9213979013365257,matrices/7_random_adj_mat_9.txt,20
0,8,13937376.0,13750000.0,2.1692532406726444,matrices/8_random_adj_mat_0.txt,20
0,8,13846720.0,14375000.0,2.617022360072963,matrices/8_random_adj_mat_1.txt,20
0,8,13865720.0,13750000.0,2.922101088853702,matrices/8_random_adj_mat_2.txt,20
0,8,13778500.0,13750000.0,2.5500304966934046,matrices/8_random_adj_mat_3.txt,20
0,8,13891092.0,13750000.0,2.259541309300535,matrices/8_random_adj_mat_4.txt,20
0,8,13740704.0,13750000.0,2.5947795613832856,matrices/8_random_adj_mat_5.txt,20
0,8,13904456.0,14375000.0,2.6801242091455992,matrices/8_random_adj_mat_6.txt,20
0,8,13895524.0,13750000.0,2.653053185766895,matrices/8_random_adj_mat_7.txt,20
0,8,13918988.0,14375000.0,2.9245232677730293,matrices/8_random_adj_mat_8.txt,20
0,8,13893500.0,13750000.0,2.3974053238819213,matrices/8_random_adj_mat_9.txt,20
0,9,16314444.0,16250000.0,2.7619467561551287,matrices/9_random_adj_mat_0.txt,20
0,9,16406676.0,16250000.0,3.4250616930531534,matrices/9_random_adj_mat_1.txt,20
0,9,16490904.0,16875000.0,2.976243492945899,matrices/9_random_adj_mat_2.txt,20
0,9,16612904.0,16875000.0,2.4796224566556866,matrices/9_random_adj_mat_3.txt,20
0,9,16574600.0,16250000.0,2.748789980645658,matrices/9_random_adj_mat_4.txt,20
0,9,16337060.0,16250000.0,2.7163262667987818,matrices/9_random_adj_mat_5.txt,20
0,9,16903816.0,16250000.0,2.894524414225913,matrices/9_random_adj_mat_6.txt,20
0,9,16645128.0,16250000.0,3.4309257711030487,matrices/9_random_adj_mat_7.txt,20
0,9,16547976.0,16875000.0,2.9485998664242383,matrices/9_random_adj_mat_8.txt,20
0,9,16485936.0,16250000.0,2.250907469307563,matrices/9_random_adj_mat_9.txt,20
0,10,19572896.0,20000000.0,2.4264022434978916,matrices/10_random_adj_mat_0.txt,20
0,10,19166416.0,18750000.0,2.9706472638069203,matrices/10_random_adj_mat_1.txt,20
0,10,19344928.0,19375000.0,3.3513203310009425,matrices/10_random_adj_mat_2.txt,20
0,10,19374964.0,19375000.0,3.2978052121300094,matrices/10_random_adj_mat_3.txt,20
0,10,19662524.0,19375000.0,3.2268629179918995,matrices/10_random_adj_mat_4.txt,20
0,10,19318464.0,19375000.0,2.3340510289117335,matrices/10_random_adj_mat_5.txt,20
0,10,19376896.0,19375000.0,2.8527480232166775,matrices/10_random_adj_mat_6.txt,20
0,10,19873684.0,19375000.0,2.8362240587991137,matrices/10_random_adj_mat_7.txt,20
0,10,19392268.0,18750000.0,2.983899143056186,matrices/10_random_adj_mat_8.txt,20
0,10,19502640.0,19375000.0,2.828184716381501,matrices/10_random_adj_mat_9.txt,20
0,15,38161848.0,38125000.0,4.098420156955294,matrices/15_random_adj_mat_0.txt,20
0,15,38504624.0,38750000.0,3.617498043117246,matrices/15_random_adj_mat_1.txt,20
0,15,38322224.0,38125000.0,3.786280939574826,matrices/15_random_adj_mat_2.txt,20
0,15,38237628.0,38125000.0,3.5613199989076243,matrices/15_random_adj_mat_3.txt,20
0,15,38093652.0,38125000.0,3.5584820911910526,matrices/15_random_adj_mat_4.txt,20
0,15,38362944.0,38750000.0,3.2261666180559185,matrices/15_random_adj_mat_5.txt,20
0,15,38336144.0,37500000.0,3.1823214092123258,matrices/15_random_adj_mat_6.txt,20
0,15,39039100.0,39375000.0,3.3438448242654757,matrices/15_random_adj_mat_7.txt,20
0,15,38424472.0,38125000.0,3.27618141199709,matrices/15_random_adj_mat_8.txt,20
0,15,37947076.0,36875000.0,3.6076636540298113,matrices/15_random_adj_mat_9.txt,20
0,20,64445536.0,65000000.0,4.727976651942079,matrices/20_random_adj_mat_0.txt,20
0,20,64404984.0,64375000.0,5.743500376905297,matrices/20_random_adj_mat_1.txt,20
0,20,64019120.0,63750000.0,5.19289490639815,matrices/20_random_adj_mat_2.txt,20
0,20,64792212.0,65000000.0,5.263422168607225,matrices/20_random_adj_mat_3.txt,20
0,20,64772148.0,65000000.0,4.8865367409825184,matrices/20_random_adj_mat_4.txt,20
0,20,64046316.0,63750000.0,4.383458447985528,matrices/20_random_adj_mat_5.txt,20
0,20,64092568.0,63750000.0,5.005240335061729,matrices/20_random_adj_mat_6.txt,20
0,20,64172772.0,64375000.0,4.420757593597641,matrices/20_random_adj_mat_7.txt,20
0,20,64421608.0,64375000.0,5.869615431863932,matrices/20_random_adj_mat_8.txt,20
0,20,63947524.0,63750000.0,4.726698038996725,matrices/20_random_adj_mat_9.txt,20
0,25,100115096.0,100625000.0,5.857258217877944,matrices/25_random_adj_mat_0.txt,20
0,25,98231092.0,98125000.0,6.401743607362511,matrices/25_random_adj_mat_1.txt,20
0,25,99322792.0,98750000.0,5.865813448660603,matrices/25_random_adj_mat_2.txt,20
0,25,98409060.0,98750000.0,5.95656965158485,matrices/25_random_adj_mat_3.txt,20
0,25,98859724.0,98750000.0,6.2572011629978,matrices/25_random_adj_mat_4.txt,20
0,25,98130156.0,98125000.0,6.967299151325788,matrices/25_random_adj_mat_5.txt,20
0,25,99352760.0,99375000.0,5.6091092949351395,matrices/25_random_adj_mat_6.txt,20
0,25,99013416.0,99375000.0,6.745199349918898,matrices/25_random_adj_mat_7.txt,20
0,25,98412956.0,97500000.0,6.691712499965091,matrices/25_random_adj_mat_8.txt,20
0,25,99886532.0,99375000.0,5.554591884266515,matrices/25_random_adj_mat_9.txt,20
0,30,142206320.0,141875000.0,8.436467384524171,matrices/30_random_adj_mat_0.txt,20
0,30,141642808.0,140625000.0,8.098486886104668,matrices/30_random_adj_mat_1.txt,20
0,30,142209944.0,141875000.0,8.809501435237502,matrices/30_random_adj_mat_2.txt,20
0,30,143225724.0,143125000.0,8.663957218872955,matrices/30_random_adj_mat_3.txt,20
0,30,142512816.0,142500000.0,8.514146424699028,matrices/30_random_adj_mat_4.txt,20
0,30,141685480.0,141250000.0,8.951107442029477,matrices/30_random_adj_mat_5.txt,20
0,30,141913564.0,141250000.0,8.161050595213396,matrices/30_random_adj_mat_6.txt,20
0,30,143010620.0,142500000.0,8.107927645195925,matrices/30_random_adj_mat_7.txt,20
0,30,143848336.0,143750000.0,8.373958241626996,matrices/30_random_adj_mat_8.txt,20
0,30,141631016.0,140625000.0,7.83756430737125,matrices/30_random_adj_mat_9.txt,20
0,30,142173300.0,142500000.0,8.66080431993378,matrices/30_random_adj_mat_0.txt,20
0,30,142409032.0,141875000.0,7.921426621004673,matrices/30_random_adj_mat_1.txt,20
0,30,141926612.0,141875000.0,8.2437629320737,matrices/30_random_adj_mat_2.txt,20
0,30,144482460.0,143750000.0,8.708745760413857,matrices/30_random_adj_mat_3.txt,20
0,30,142080672.0,141875000.0,8.464761781780537,matrices/30_random_adj_mat_4.txt,20
0,30,141741696.0,141250000.0,8.960549050238196,matrices/30_random_adj_mat_5.txt,20
0,30,141755816.0,141875000.0,8.08180005104779,matrices/30_random_adj_mat_6.txt,20
0,30,144601788.0,143750000.0,8.314316806796718,matrices/30_random_adj_mat_7.txt,20
0,30,142122232.0,142500000.0,8.454396304920719,matrices/30_random_adj_mat_8.txt,20
0,30,141420996.0,140625000.0,7.6986640652952625,matrices/30_random_adj_mat_9.txt,20
0,40,261091612.0,258750000.0,13.117294809421008,matrices/40_random_adj_mat_0.txt,20
0,40,260304848.0,258750000.0,11.926422358599549,matrices/40_random_adj_mat_1.txt,20
0,40,260788180.0,260000000.0,12.282119993415797,matrices/40_random_adj_mat_2.txt,20
0,40,261462856.0,260625000.0,12.724678261790569,matrices/40_random_adj_mat_3.txt,20
0,40,261895384.0,261875000.0,11.923248725216315,matrices/40_random_adj_mat_4.txt,20
0,40,261063392.0,260000000.0,12.788254022176677,matrices/40_random_adj_mat_5.txt,20
0,40,260789200.0,261250000.0,11.222725857400771,matrices/40_random_adj_mat_6.txt,20
0,40,259255496.0,258125000.0,11.961910826182299,matrices/40_random_adj_mat_7.txt,20
0,40,260126228.0,257500000.0,12.114171807774978,matrices/40_random_adj_mat_8.txt,20
0,40,261611456.0,260000000.0,13.726913746310744,matrices/40_random_adj_mat_9.txt,20
0,50,426380548.0,423750000.0,17.65978695028916,matrices/50_random_adj_mat_0.txt,20
0,50,427185040.0,426250000.0,16.667411795451507,matrices/50_random_adj_mat_1.txt,20
0,50,427430896.0,425625000.0,15.81056134587898,matrices/50_random_adj_mat_2.txt,20
0,50,426789396.0,425000000.0,15.918281622426877,matrices/50_random_adj_mat_3.txt,20
0,50,426470656.0,425000000.0,17.409653540883923,matrices/50_random_adj_mat_4.txt,20
0,50,427637520.0,426875000.0,17.217159525134377,matrices/50_random_adj_mat_5.txt,20
0,50,425526528.0,424375000.0,17.205472437401735,matrices/50_random_adj_mat_6.txt,20
0,50,428306736.0,428125000.0,17.39427923624425,matrices/50_random_adj_mat_7.txt,20
0,50,425480704.0,425000000.0,16.422377008877753,matrices/50_random_adj_mat_8.txt,20
0,50,424197824.0,423125000.0,16.040436677804557,matrices/50_random_adj_mat_9.txt,20
0,5,7732584.0,7500000.0,2.249612736828632,matrices/5_random_adj_mat_0.txt,30
0,5,7897200.0,8125000.0,2.4324100724478357,matrices/5_random_adj_mat_1.txt,30
0,5,7928780.0,8125000.0,2.092769076252572,matrices/5_random_adj_mat_2.txt,30
0,5,7769252.0,7500000.0,1.730408540073093,matrices/5_random_adj_mat_3.txt,30
0,5,7624500.0,7500000.0,1.8381227481602793,matrices/5_random_adj_mat_4.txt,30
0,5,7675820.0,7500000.0,2.907493662653474,matrices/5_random_adj_mat_5.txt,30
0,5,7687308.0,7500000.0,2.907678316977325,matrices/5_random_adj_mat_6.txt,30
0,5,7833452.0,7500000.0,2.72738402847107,matrices/5_random_adj_mat_7.txt,30
0,5,7700952.0,7500000.0,2.1307530483783985,matrices/5_random_adj_mat_8.txt,30
0,5,7698528.0,8125000.0,2.616055718212318,matrices/5_random_adj_mat_9.txt,30
0,6,9775732.0,9375000.0,2.6549481998199593,matrices/6_random_adj_mat_0.txt,30
0,6,9772628.0,9375000.0,2.3857942300953416,matrices/6_random_adj_mat_1.txt,30
0,6,9758048.0,10000000.0,2.5826910133607814,matrices/6_random_adj_mat_2.txt,30
0,6,9785400.0,10000000.0,2.6244799553107248,matrices/6_random_adj_mat_3.txt,30
0,6,9754380.0,9375000.0,2.204890873346207,matrices/6_random_adj_mat_4.txt,30
0,6,9783224.0,10000000.0,2.1213700507683013,matrices/6_random_adj_mat_5.txt,30
0,6,9759208.0,10000000.0,1.7547496920325507,matrices/6_random_adj_mat_6.txt,30
0,6,9712956.0,10000000.0,1.9668510853745371,matrices/6_random_adj_mat_7.txt,30
0,6,9772520.0,9375000.0,2.4785680059775683,matrices/6_random_adj_mat_8.txt,30
0,6,9729736.0,10000000.0,2.442624832178839,matrices/6_random_adj_mat_9.txt,30
0,7,11908452.0,11875000.0,2.5485158336662055,matrices/7_random_adj_mat_0.txt,30
0,7,11962744.0,11250000.0,2.1133715738835726,matrices/7_random_adj_mat_1.txt,30
0,7,12543684.0,12500000.0,2.765538655869785,matrices/7_random_adj_mat_2.txt,30
0,7,12236168.0,11875000.0,2.846818037575111,matrices/7_random_adj_mat_3.txt,30
0,7,12032096.0,12500000.0,2.490845941532837,matrices/7_random_adj_mat_4.txt,30
0,7,11936116.0,11875000.0,2.5723564469140525,matrices/7_random_adj_mat_5.txt,30
0,7,11903240.0,11875000.0,2.399317511596459,matrices/7_random_adj_mat_6.txt,30
0,7,11985232.0,11875000.0,2.869162661634958,matrices/7_random_adj_mat_7.txt,30
0,7,12191648.0,12500000.0,2.3131457844957337,matrices/7_random_adj_mat_8.txt,30
0,7,11978476.0,11875000.0,1.9213979013365257,matrices/7_random_adj_mat_9.txt,30
0,8,14466204.0,14375000.0,2.1692532406726444,matrices/8_random_adj_mat_0.txt,30
0,8,14244464.0,13750000.0,2.617022360072963,matrices/8_random_adj_mat_1.txt,30
0,8,14497900.0,14375000.0,2.922101088853702,matrices/8_random_adj_mat_2.txt,30
0,8,14484544.0,14375000.0,2.5500304966934046,matrices/8_random_adj_mat_3.txt,30
0,8,14370792.0,14375000.0,2.259541309300535,matrices/8_random_adj_mat_4.txt,30
0,8,14328948.0,14375000.0,2.5947795613832856,matrices/8_random_adj_mat_5.txt,30
0,8,14283332.0,14375000.0,2.6801242091455992,matrices/8_random_adj_mat_6.txt,30
0,8,14351908.0,14375000.0,2.653053185766895,matrices/8_random_adj_mat_7.txt,30
0,8,14349392.0,14375000.0,2.9245232677730293,matrices/8_random_adj_mat_8.txt,30
0,8,14290736.0,14375000.0,2.3974053238819213,matrices/8_random_adj_mat_9.txt,30
0,9,17215172.0,17500000.0,2.7619467561551287,matrices/9_random_adj_mat_0.txt,30
0,9,16941248.0,16875000.0,3.4250616930531534,matrices/9_random_adj_mat_1.txt,30
0,9,17227304.0,16875000.0,2.9762434929458994,matrices/9_random_adj_mat_2.txt,30
0,9,17143956.0,16875000.0,2.4796224566556866,matrices/9_random_adj_mat_3.txt,30
0,9,17098116.0,16875000.0,2.748789980645658,matrices/9_random_adj_mat_4.txt,30
0,9,17056268.0,17500000.0,2.7163262667987818,matrices/9_random_adj_mat_5.txt,30
0,9,17243232.0,16875000.0,2.894524414225913,matrices/9_random_adj_mat_6.txt,30
0,9,17182140.0,16875000.0,3.430925771103049,matrices/9_random_adj_mat_7.txt,30
0,9,17127880.0,17500000.0,2.9485998664242383,matrices/9_random_adj_mat_8.txt,30
0,9,17174440.0,16875000.0,2.250907469307563,matrices/9_random_adj_mat_9.txt,30
0,10,20372004.0,20625000.0,2.4264022434978916,matrices/10_random_adj_mat_0.txt,30
0,10,20306028.0,20625000.0,2.9706472638069203,matrices/10_random_adj_mat_1.txt,30
0,10,20502232.0,20000000.0,3.351320331000942,matrices/10_random_adj_mat_2.txt,30
0,10,20088084.0,20625000.0,3.344525838947534,matrices/10_random_adj_mat_3.txt,30
0,10,20162984.0,19375000.0,3.2268629179918995,matrices/10_random_adj_mat_4.txt,30
0,10,20355644.0,20625000.0,2.3340510289117335,matrices/10_random_adj_mat_5.txt,30
0,10,20320312.0,20000000.0,2.8527480232166775,matrices/10_random_adj_mat_6.txt,30
0,10,20407516.0,20625000.0,2.8362240587991137,matrices/10_random_adj_mat_7.txt,30
0,10,20393788.0,20625000.0,2.983899143056186,matrices/10_random_adj_mat_8.txt,30
0,10,20314744.0,20000000.0,2.8951693686036792,matrices/10_random_adj_mat_9.txt,30
0,15,39462596.0,39375000.0,4.184577554864921,matrices/15_random_adj_mat_0.txt,30
0,15,39988096.0,39375000.0,3.695316572144157,matrices/15_random_adj_mat_1.txt,30
0,15,40918248.0,40625000.0,3.8773889255982406,matrices/15_random_adj_mat_2.txt,30
0,15,40085008.0,40000000.0,3.6092945224709494,matrices/15_random_adj_mat_3.txt,30
0,15,40753664.0,40625000.0,3.5929434727821765,matrices/15_random_adj_mat_4.txt,30
0,15,42107596.0,41875000.0,3.2934851723698104,matrices/15_random_adj_mat_5.txt,30
0,15,39961440.0,40000000.0,3.238001477624012,matrices/15_random_adj_mat_6.txt,30
0,15,40128400.0,40625000.0,3.3610902413656003,matrices/15_random_adj_mat_7.txt,30
0,15,39909564.0,40000000.0,3.435707900720631,matrices/15_random_adj_mat_8.txt,30
0,15,40334752.0,40000000.0,3.8435583859068165,matrices/15_random_adj_mat_9.txt,30
0,20,66699336.0,66875000.0,4.750135961763281,matrices/20_random_adj_mat_0.txt,30
0,20,67242324.0,67500000.0,5.872246307321142,matrices/20_random_adj_mat_1.txt,30
0,20,65902868.0,65625000.0,5.378897953172199,matrices/20_random_adj_mat_2.txt,30
0,20,66916636.0,67500000.0,5.4130021123034044,matrices/20_random_adj_mat_3.txt,30
0,20,66741836.0,66250000.0,5.0119654139490555,matrices/20_random_adj_mat_4.txt,30
0,20,66750160.0,66250000.0,4.560057587884489,matrices/20_random_adj_mat_5.txt,30
0,20,66179080.0,65625000.0,5.128940761333276,matrices/20_random_adj_mat_6.txt,30
0,20,66746200.0,66250000.0,4.542837412812198,matrices/20_random_adj_mat_7.txt,30
0,20,66462488.0,66875000.0,6.058594673796788,matrices/20_random_adj_mat_8.txt,30
0,20,67125412.0,66875000.0,4.935148699707841,matrices/20_random_adj_mat_9.txt,30
0,25,101398120.0,101875000.0,6.173344974881545,matrices/25_random_adj_mat_0.txt,30
0,25,102108092.0,101875000.0,6.676522977747313,matrices/25_random_adj_mat_1.txt,30
0,25,101542216.0,101250000.0,6.228850506828754,matrices/25_random_adj_mat_2.txt,30
0,25,101660472.0,101250000.0,6.312989713016618,matrices/25_random_adj_mat_3.txt,30
0,25,102635208.0,102500000.0,6.5544755834745425,matrices/25_random_adj_mat_4.txt,30
0,25,102219348.0,101875000.0,7.355091647280011,matrices/25_random_adj_mat_5.txt,30
0,25,101767280.0,101250000.0,5.760793954551439,matrices/25_random_adj_mat_6.txt,30
0,25,101418972.0,100625000.0,7.053084175986647,matrices/25_random_adj_mat_7.txt,30
0,25,102787544.0,101875000.0,7.0914470403324685,matrices/25_random_adj_mat_8.txt,30
0,25,101436968.0,101875000.0,5.980407075253617,matrices/25_random_adj_mat_9.txt,30
0,30,146107924.0,146250000.0,8.708723295692916,matrices/30_random_adj_mat_0.txt,30
0,30,146651028.0,146250000.0,8.329599103731415,matrices/30_random_adj_mat_1.txt,30
0,30,146323644.0,145625000.0,9.073055569330446,matrices/30_random_adj_mat_2.txt,30
0,30,146231776.0,146250000.0,9.185942142788807,matrices/30_random_adj_mat_3.txt,30
0,30,146961136.0,146250000.0,8.83604174218676,matrices/30_random_adj_mat_4.txt,30
0,30,150401844.0,150625000.0,9.426144543464552,matrices/30_random_adj_mat_5.txt,30
0,30,152212600.0,150625000.0,8.426734777325446,matrices/30_random_adj_mat_6.txt,30
0,30,155256956.0,153125000.0,8.703372687654136,matrices/30_random_adj_mat_7.txt,30
0,30,148738204.0,148125000.0,8.88178508285163,matrices/30_random_adj_mat_8.txt,30
0,30,148574548.0,148750000.0,8.059739788337698,matrices/30_random_adj_mat_9.txt,30
0,30,150954740.0,150625000.0,9.00254205865248,matrices/30_random_adj_mat_0.txt,30
0,30,153223056.0,153125000.0,8.748370503874794,matrices/30_random_adj_mat_1.txt,30
0,30,151359772.0,150625000.0,8.937743058396917,matrices/30_random_adj_mat_2.txt,30
0,30,149004312.0,148750000.0,8.944374066403567,matrices/30_random_adj_mat_3.txt,30
0,30,154805852.0,154375000.0,8.61380344983563,matrices/30_random_adj_mat_4.txt,30
0,30,149258344.0,149375000.0,9.442615667315373,matrices/30_random_adj_mat_5.txt,30
0,30,148052104.0,148750000.0,8.442525591163411,matrices/30_random_adj_mat_6.txt,30
0,30,156528404.0,156250000.0,8.64544043438075,matrices/30_random_adj_mat_7.txt,30
0,30,148281940.0,148125000.0,8.874176275665299,matrices/30_random_adj_mat_8.txt,30
0,30,155338664.0,155625000.0,8.272715802520304,matrices/30_random_adj_mat_9.txt,30
0,40,268564072.0,268125000.0,13.776959466809936,matrices/40_random_adj_mat_0.txt,30
0,40,273765512.0,273125000.0,12.330424508408104,matrices/40_random_adj_mat_1.txt,30
0,40,267494928.0,267500000.0,12.646298857009258,matrices/40_random_adj_mat_2.txt,30
0,40,269584792.0,269375000.0,13.253688221275187,matrices/40_random_adj_mat_3.txt,30
0,40,276684148.0,276875000.0,12.31714168266563,matrices/40_random_adj_mat_4.txt,30
0,40,270984568.0,270625000.0,13.466520391048812,matrices/40_random_adj_mat_5.txt,30
0,40,275238244.0,275000000.0,11.711121447024642,matrices/40_random_adj_mat_6.txt,30
0,40,268703748.0,268750000.0,12.677682521206021,matrices/40_random_adj_mat_7.txt,30
0,40,276722732.0,275625000.0,13.236360814188012,matrices/40_random_adj_mat_8.txt,30
0,40,269915992.0,269375000.0,14.145898209118094,matrices/40_random_adj_mat_9.txt,30
0,50,454898852.0,454375000.0,18.6253229568054,matrices/50_random_adj_mat_0.txt,30
0,50,437932448.0,437500000.0,17.220941123307213,matrices/50_random_adj_mat_1.txt,30
0,50,446574440.0,446250000.0,16.35355062091628,matrices/50_random_adj_mat_2.txt,30
0,50,440666368.0,440625000.0,16.836776082064254,matrices/50_random_adj_mat_3.txt,30
0,50,444505576.0,442500000.0,17.897544430443148,matrices/50_random_adj_mat_4.txt,30
0,50,438348180.0,436250000.0,17.892397720866285,matrices/50_random_adj_mat_5.txt,30
0,50,440922220.0,441250000.0,17.743355757483204,matrices/50_random_adj_mat_6.txt,30
0,50,444382652.0,443750000.0,18.164002375297663,matrices/50_random_adj_mat_7.txt,30
0,50,439239000.0,436875000.0,17.055431142082465,matrices/50_random_adj_mat_8.txt,30
0,50,439351736.0,437500000.0,16.771823356746445,matrices/50_random_adj_mat_9.txt,30
0,5,9553816.0,9375000.0,2.249612736828632,matrices/5_random_adj_mat_0.txt,50
0,5,8433500.0,8125000.0,2.4324100724478357,matrices/5_random_adj_mat_1.txt,50
0,5,8620072.0,8125000.0,2.092769076252572,matrices/5_random_adj_mat_2.txt,50
0,5,8394380.0,8125000.0,1.730408540073093,matrices/5_random_adj_mat_3.txt,50
0,5,8391344.0,8750000.0,1.8381227481602793,matrices/5_random_adj_mat_4.txt,50
0,5,8436224.0,8125000.0,2.907493662653474,matrices/5_random_adj_mat_5.txt,50
0,5,8377280.0,8750000.0,2.907678316977325,matrices/5_random_adj_mat_6.txt,50
0,5,8492428.0,8125000.0,2.72738402847107,matrices/5_random_adj_mat_7.txt,50
0,5,8335984.0,8750000.0,2.1307530483783985,matrices/5_random_adj_mat_8.txt,50
0,5,8416560.0,8125000.0,2.616055718212318,matrices/5_random_adj_mat_9.txt,50
0,6,11035664.0,11250000.0,2.6549481998199593,matrices/6_random_adj_mat_0.txt,50
0,6,10573572.0,10625000.0,2.3857942300953416,matrices/6_random_adj_mat_1.txt,50
0,6,10506748.0,10625000.0,2.5826910133607814,matrices/6_random_adj_mat_2.txt,50
0,6,10545936.0,10625000.0,2.6244799553107248,matrices/6_random_adj_mat_3.txt,50
0,6,10524544.0,10625000.0,2.204890873346207,matrices/6_random_adj_mat_4.txt,50
0,6,10520388.0,10625000.0,2.1213700507683013,matrices/6_random_adj_mat_5.txt,50
0,6,10926216.0,10625000.0,1.7547496920325507,matrices/6_random_adj_mat_6.txt,50
0,6,10897296.0,10625000.0,1.9668510853745371,matrices/6_random_adj_mat_7.txt,50
0,6,10856012.0,11250000.0,2.4785680059775683,matrices/6_random_adj_mat_8.txt,50
0,6,10647684.0,10625000.0,2.442624832178839,matrices/6_random_adj_mat_9.txt,50
0,7,12999836.0,13125000.0,2.5485158336662055,matrices/7_random_adj_mat_0.txt,50
0,7,12852204.0,12500000.0,2.1133715738835726,matrices/7_random_adj_mat_1.txt,50
0,7,12925300.0,13125000.0,2.765538655869785,matrices/7_random_adj_mat_2.txt,50
0,7,12969244.0,13125000.0,2.846818037575111,matrices/7_random_adj_mat_3.txt,50
0,7,12924712.0,13125000.0,2.490845941532837,matrices/7_random_adj_mat_4.txt,50
0,7,12883124.0,12500000.0,2.5723564469140525,matrices/7_random_adj_mat_5.txt,50
0,7,12964304.0,12500000.0,2.399317511596459,matrices/7_random_adj_mat_6.txt,50
0,7,13153504.0,13125000.0,2.869162661634958,matrices/7_random_adj_mat_7.txt,50
0,7,12837600.0,13125000.0,2.3131457844957337,matrices/7_random_adj_mat_8.txt,50
0,7,13334444.0,13125000.0,1.9213979013365257,matrices/7_random_adj_mat_9.txt,50
0,8,15470984.0,15000000.0,2.169253240672645,matrices/8_random_adj_mat_0.txt,50
0,8,15448252.0,15625000.0,2.617022360072963,matrices/8_random_adj_mat_1.txt,50
0,8,15365928.0,15625000.0,2.922101088853702,matrices/8_random_adj_mat_2.txt,50
0,8,15526288.0,15625000.0,2.5500304966934046,matrices/8_random_adj_mat_3.txt,50
0,8,15444772.0,15000000.0,2.259541309300535,matrices/8_random_adj_mat_4.txt,50
0,8,15593776.0,15625000.0,2.5947795613832856,matrices/8_random_adj_mat_5.txt,50
0,8,15465064.0,15000000.0,2.6801242091455992,matrices/8_random_adj_mat_6.txt,50
0,8,15365196.0,15000000.0,2.653053185766895,matrices/8_random_adj_mat_7.txt,50
0,8,15565580.0,15625000.0,2.9245232677730293,matrices/8_random_adj_mat_8.txt,50
0,8,15644120.0,15625000.0,2.3974053238819213,matrices/8_random_adj_mat_9.txt,50
0,9,18486048.0,18750000.0,2.761946756155129,matrices/9_random_adj_mat_0.txt,50
0,9,18501440.0,18750000.0,3.4250616930531534,matrices/9_random_adj_mat_1.txt,50
0,9,18436444.0,18125000.0,2.9762434929458994,matrices/9_random_adj_mat_2.txt,50
0,9,18374752.0,18750000.0,2.4796224566556866,matrices/9_random_adj_mat_3.txt,50
0,9,18366940.0,18125000.0,2.7487899806456584,matrices/9_random_adj_mat_4.txt,50
0,9,18375580.0,18750000.0,2.7163262667987818,matrices/9_random_adj_mat_5.txt,50
0,9,18725324.0,18750000.0,2.9492550205893227,matrices/9_random_adj_mat_6.txt,50
0,9,18377616.0,18125000.0,3.430925771103049,matrices/9_random_adj_mat_7.txt,50
0,9,18473408.0,18750000.0,2.9485998664242383,matrices/9_random_adj_mat_8.txt,50
0,9,18388640.0,18125000.0,2.250907469307563,matrices/9_random_adj_mat_9.txt,50
0,10,21720324.0,21250000.0,2.426402243497892,matrices/10_random_adj_mat_0.txt,50
0,10,21561812.0,21875000.0,3.0353818349113464,matrices/10_random_adj_mat_1.txt,50
0,10,21990748.0,21875000.0,3.3513203310009425,matrices/10_random_adj_mat_2.txt,50
0,10,22155168.0,22500000.0,3.322465929171122,matrices/10_random_adj_mat_3.txt,50
0,10,22377488.0,22500000.0,3.2268629179919,matrices/10_random_adj_mat_4.txt,50
0,10,22676604.0,22500000.0,2.334051028911734,matrices/10_random_adj_mat_5.txt,50
0,10,21817380.0,21875000.0,2.852748023216678,matrices/10_random_adj_mat_6.txt,50
0,10,21540084.0,21875000.0,2.904477671775596,matrices/10_random_adj_mat_7.txt,50
0,10,21339316.0,21250000.0,2.983899143056186,matrices/10_random_adj_mat_8.txt,50
0,10,21357244.0,21250000.0,2.828184716381501,matrices/10_random_adj_mat_9.txt,50
0,15,41210356.0,41250000.0,4.319418271277926,matrices/15_random_adj_mat_0.txt,50
0,15,41781928.0,41875000.0,3.7623214220220573,matrices/15_random_adj_mat_1.txt,50
0,15,41162816.0,41250000.0,4.007839472225669,matrices/15_random_adj_mat_2.txt,50
0,15,41050168.0,41250000.0,3.677183603003874,matrices/15_random_adj_mat_3.txt,50
0,15,41270960.0,41250000.0,3.693336691872548,matrices/15_random_adj_mat_4.txt,50
0,15,41447516.0,41250000.0,3.485973203848663,matrices/15_random_adj_mat_5.txt,50
0,15,41490468.0,41250000.0,3.367678924532533,matrices/15_random_adj_mat_6.txt,50
0,15,41193116.0,41250000.0,3.4642797828861496,matrices/15_random_adj_mat_7.txt,50
0,15,41427200.0,41250000.0,3.6245979071367347,matrices/15_random_adj_mat_8.txt,50
0,15,41432132.0,41875000.0,3.924519633189773,matrices/15_random_adj_mat_9.txt,50
0,20,68228340.0,68125000.0,5.089294212866233,matrices/20_random_adj_mat_0.txt,50
0,20,68328352.0,68750000.0,6.077444261568352,matrices/20_random_adj_mat_1.txt,50
0,20,68358108.0,67500000.0,5.754616145444096,matrices/20_random_adj_mat_2.txt,50
0,20,69082388.0,69375000.0,5.734987256784671,matrices/20_random_adj_mat_3.txt,50
0,20,74299928.0,73750000.0,5.526277600473152,matrices/20_random_adj_mat_4.txt,50
0,20,74833572.0,73750000.0,4.910325902000158,matrices/20_random_adj_mat_5.txt,50
0,20,72230800.0,70625000.0,5.591000558672192,matrices/20_random_adj_mat_6.txt,50
0,20,78063068.0,75625000.0,4.887969255160108,matrices/20_random_adj_mat_7.txt,50
0,20,74372788.0,72500000.0,6.285888624118959,matrices/20_random_adj_mat_8.txt,50
0,20,69725304.0,70000000.0,5.273093768463242,matrices/20_random_adj_mat_9.txt,50
0,25,107505360.0,106875000.0,6.733557105994663,matrices/25_random_adj_mat_0.txt,50
0,25,108344612.0,107500000.0,7.292841436548744,matrices/25_random_adj_mat_1.txt,50
0,25,107689416.0,107500000.0,6.6913487370208085,matrices/25_random_adj_mat_2.txt,50
0,25,106279296.0,106250000.0,7.263532500148275,matrices/25_random_adj_mat_3.txt,50
0,25,108132656.0,107500000.0,7.124459511123079,matrices/25_random_adj_mat_4.txt,50
0,25,118507208.0,117500000.0,7.975920376976389,matrices/25_random_adj_mat_5.txt,50
0,25,113880576.0,113750000.0,6.50464374402322,matrices/25_random_adj_mat_6.txt,50
0,25,108224648.0,108125000.0,7.6255159248483775,matrices/25_random_adj_mat_7.txt,50
0,25,107411276.0,106875000.0,7.286265646407691,matrices/25_random_adj_mat_8.txt,50
0,25,115210676.0,114375000.0,6.430904302593009,matrices/25_random_adj_mat_9.txt,50
0,30,153492400.0,152500000.0,9.98648556492733,matrices/30_random_adj_mat_0.txt,50
0,30,151112964.0,150625000.0,9.254069491445692,matrices/30_random_adj_mat_1.txt,50
0,30,150235652.0,149375000.0,9.830602284921406,matrices/30_random_adj_mat_2.txt,50
0,30,155285944.0,153750000.0,9.963690547453037,matrices/30_random_adj_mat_3.txt,50
0,30,149529000.0,148750000.0,9.553891452234412,matrices/30_random_adj_mat_4.txt,50
0,30,150215944.0,149375000.0,10.202522103146784,matrices/30_random_adj_mat_5.txt,50
0,30,155185140.0,155000000.0,9.182043087399494,matrices/30_random_adj_mat_6.txt,50
0,30,153135484.0,151875000.0,9.429520194283324,matrices/30_random_adj_mat_7.txt,50
0,30,157327016.0,157500000.0,9.527967316279922,matrices/30_random_adj_mat_8.txt,50
0,30,151491680.0,150625000.0,8.91199414633245,matrices/30_random_adj_mat_9.txt,50
0,30,155679572.0,155625000.0,9.841039529709777,matrices/30_random_adj_mat_0.txt,50
0,30,153393396.0,152500000.0,9.17476838552713,matrices/30_random_adj_mat_1.txt,50
0,30,151122660.0,150625000.0,9.57804595346493,matrices/30_random_adj_mat_2.txt,50
0,30,150458168.0,150000000.0,9.817550830817437,matrices/30_random_adj_mat_3.txt,50
0,30,150870188.0,150625000.0,9.470980921337787,matrices/30_random_adj_mat_4.txt,50
0,30,149108568.0,148750000.0,10.269737807571252,matrices/30_random_adj_mat_5.txt,50
0,30,154565232.0,154375000.0,9.11957258039416,matrices/30_random_adj_mat_6.txt,50
0,30,150856916.0,151250000.0,9.540485395281383,matrices/30_random_adj_mat_7.txt,50
0,30,151816908.0,151250000.0,9.63704174082425,matrices/30_random_adj_mat_8.txt,50
0,30,151621556.0,151250000.0,8.67550132078619,matrices/30_random_adj_mat_9.txt,50
0,40,278170144.0,278125000.0,14.68072236919121,matrices/40_random_adj_mat_0.txt,50
0,40,271920496.0,271250000.0,13.57053154467223,matrices/40_random_adj_mat_1.txt,50
0,40,280669412.0,280625000.0,13.910802865238853,matrices/40_random_adj_mat_2.txt,50
0,40,277261868.0,276250000.0,14.118263237329819,matrices/40_random_adj_mat_3.txt,50
0,40,271908296.0,271875000.0,13.0887594318213,matrices/40_random_adj_mat_4.txt,50
0,40,272755764.0,272500000.0,14.176998976060952,matrices/40_random_adj_mat_5.txt,50
0,40,278998508.0,277500000.0,12.556205101783487,matrices/40_random_adj_mat_6.txt,50
0,40,276384412.0,276250000.0,13.65646015327437,matrices/40_random_adj_mat_7.txt,50
0,40,272980908.0,272500000.0,13.960990172599283,matrices/40_random_adj_mat_8.txt,50
0,40,272865480.0,273125000.0,15.173721668282687,matrices/40_random_adj_mat_9.txt,50
0,50,446815716.0,445000000.0,19.1406719247249,matrices/50_random_adj_mat_0.txt,50
0,50,445679740.0,445000000.0,17.91120600336203,matrices/50_random_adj_mat_1.txt,50
0,50,440980108.0,440625000.0,17.024497638441098,matrices/50_random_adj_mat_2.txt,50
0,50,445583852.0,445000000.0,17.577727937570824,matrices/50_random_adj_mat_3.txt,50
0,50,446127132.0,445625000.0,18.624022127388482,matrices/50_random_adj_mat_4.txt,50
0,50,443433632.0,443125000.0,18.551137162483226,matrices/50_random_adj_mat_5.txt,50
0,50,446104220.0,444375000.0,18.77117967388412,matrices/50_random_adj_mat_6.txt,50
0,50,448647964.0,446875000.0,19.06407090641195,matrices/50_random_adj_mat_7.txt,50
0,50,448782316.0,448750000.0,18.004229449634206,matrices/50_random_adj_mat_8.txt,50
0,50,440628000.0,440000000.0,17.370655752480584,matrices/50_random_adj_mat_9.txt,50
0,5,17599504.0,17500000.0,2.249612736828632,matrices/5_random_adj_mat_0.txt,100
0,5,16883796.0,16875000.0,2.4324100724478357,matrices/5_random_adj_mat_1.txt,100
0,5,16646056.0,16875000.0,2.092769076252572,matrices/5_random_adj_mat_2.txt,100
0,5,16727148.0,16875000.0,1.730408540073093,matrices/5_random_adj_mat_3.txt,100
0,5,16696392.0,16250000.0,1.8381227481602793,matrices/5_random_adj_mat_4.txt,100
0,5,16697172.0,16250000.0,2.907493662653474,matrices/5_random_adj_mat_5.txt,100
0,5,16616420.0,16875000.0,2.907678316977325,matrices/5_random_adj_mat_6.txt,100
0,5,16606080.0,16875000.0,2.72738402847107,matrices/5_random_adj_mat_7.txt,100
0,5,16503392.0,15625000.0,2.1307530483783985,matrices/5_random_adj_mat_8.txt,100
0,5,16428936.0,16250000.0,2.616055718212318,matrices/5_random_adj_mat_9.txt,100
0,6,20893104.0,20625000.0,2.6549481998199593,matrices/6_random_adj_mat_0.txt,100
0,6,20813084.0,20625000.0,2.3857942300953416,matrices/6_random_adj_mat_1.txt,100
0,6,21558212.0,21250000.0,2.5826910133607814,matrices/6_random_adj_mat_2.txt,100
0,6,21034176.0,20625000.0,2.6244799553107248,matrices/6_random_adj_mat_3.txt,100
0,6,21000644.0,20625000.0,2.204890873346207,matrices/6_random_adj_mat_4.txt,100
0,6,20924432.0,20000000.0,2.1213700507683013,matrices/6_random_adj_mat_5.txt,100
0,6,20836776.0,21250000.0,1.7547496920325507,matrices/6_random_adj_mat_6.txt,100
0,6,20882464.0,20625000.0,1.9668510853745371,matrices/6_random_adj_mat_7.txt,100
0,6,20807980.0,20625000.0,2.4785680059775683,matrices/6_random_adj_mat_8.txt,100
0,6,21172152.0,20625000.0,2.442624832178839,matrices/6_random_adj_mat_9.txt,100
0,7,25449308.0,25000000.0,2.5485158336662055,matrices/7_random_adj_mat_0.txt,100
0,7,25404956.0,25625000.0,2.1133715738835726,matrices/7_random_adj_mat_1.txt,100
0,7,25579140.0,25625000.0,2.765538655869785,matrices/7_random_adj_mat_2.txt,100
0,7,25766544.0,25000000.0,2.846818037575111,matrices/7_random_adj_mat_3.txt,100
0,7,26027940.0,26250000.0,2.490845941532837,matrices/7_random_adj_mat_4.txt,100
0,7,26797780.0,26250000.0,2.5723564469140525,matrices/7_random_adj_mat_5.txt,100
0,7,26284268.0,25625000.0,2.399317511596459,matrices/7_random_adj_mat_6.txt,100
0,7,26086848.0,26250000.0,2.869162661634958,matrices/7_random_adj_mat_7.txt,100
0,7,25680160.0,25625000.0,2.3131457844957337,matrices/7_random_adj_mat_8.txt,100
0,7,25635512.0,25625000.0,1.9213979013365257,matrices/7_random_adj_mat_9.txt,100
0,8,30794000.0,30625000.0,2.1692532406726444,matrices/8_random_adj_mat_0.txt,100
0,8,30772804.0,30625000.0,2.617022360072963,matrices/8_random_adj_mat_1.txt,100
0,8,30829928.0,31250000.0,2.922101088853702,matrices/8_random_adj_mat_2.txt,100
0,8,30808052.0,30625000.0,2.5500304966934046,matrices/8_random_adj_mat_3.txt,100
0,8,30521736.0,30625000.0,2.259541309300535,matrices/8_random_adj_mat_4.txt,100
0,8,30582548.0,30625000.0,2.5947795613832856,matrices/8_random_adj_mat_5.txt,100
0,8,31032068.0,31250000.0,2.6801242091455992,matrices/8_random_adj_mat_6.txt,100
0,8,30936552.0,30625000.0,2.653053185766895,matrices/8_random_adj_mat_7.txt,100
0,8,30765792.0,31250000.0,2.9245232677730293,matrices/8_random_adj_mat_8.txt,100
0,8,30821832.0,30625000.0,2.3974053238819213,matrices/8_random_adj_mat_9.txt,100
0,9,36419716.0,36250000.0,2.761946756155129,matrices/9_random_adj_mat_0.txt,100
0,9,36929892.0,37500000.0,3.4250616930531534,matrices/9_random_adj_mat_1.txt,100
0,9,36708408.0,36250000.0,2.976243492945899,matrices/9_random_adj_mat_2.txt,100
0,9,36246188.0,36250000.0,2.4796224566556866,matrices/9_random_adj_mat_3.txt,100
0,9,36842156.0,36250000.0,2.748789980645658,matrices/9_random_adj_mat_4.txt,100
0,9,36576160.0,36250000.0,2.7163262667987818,matrices/9_random_adj_mat_5.txt,100
0,9,36349404.0,36250000.0,2.949255020589322,matrices/9_random_adj_mat_6.txt,100
0,9,36357056.0,36250000.0,3.4309257711030487,matrices/9_random_adj_mat_7.txt,100
0,9,36679820.0,36250000.0,2.9485998664242383,matrices/9_random_adj_mat_8.txt,100
0,9,36522312.0,36250000.0,2.250907469307563,matrices/9_random_adj_mat_9.txt,100
0,10,43151120.0,42500000.0,2.4264022434978916,matrices/10_random_adj_mat_0.txt,100
0,10,42698792.0,41875000.0,2.9706472638069203,matrices/10_random_adj_mat_1.txt,100
0,10,42775956.0,42500000.0,3.3513203310009425,matrices/10_random_adj_mat_2.txt,100
0,10,42544032.0,42500000.0,3.344525838947534,matrices/10_random_adj_mat_3.txt,100
0,10,42673508.0,43125000.0,3.2268629179918995,matrices/10_random_adj_mat_4.txt,100
0,10,44330400.0,43750000.0,2.334051028911734,matrices/10_random_adj_mat_5.txt,100
0,10,43282004.0,43125000.0,2.8527480232166775,matrices/10_random_adj_mat_6.txt,100
0,10,42878608.0,43125000.0,2.8362240587991137,matrices/10_random_adj_mat_7.txt,100
0,10,43441636.0,43125000.0,2.9922735580489244,matrices/10_random_adj_mat_8.txt,100
0,10,42636892.0,43125000.0,2.828184716381501,matrices/10_random_adj_mat_9.txt,100
0,15,82096152.0,81875000.0,4.131702138112102,matrices/15_random_adj_mat_0.txt,100
0,15,82941976.0,82500000.0,3.74309738064664,matrices/15_random_adj_mat_1.txt,100
0,15,82346468.0,81875000.0,3.9029432058259546,matrices/15_random_adj_mat_2.txt,100
0,15,81946368.0,81875000.0,3.593377112645027,matrices/15_random_adj_mat_3.txt,100
0,15,82235100.0,81875000.0,3.585355632306261,matrices/15_random_adj_mat_4.txt,100
0,15,82341460.0,82500000.0,3.3073599918417678,matrices/15_random_adj_mat_5.txt,100
0,15,81645064.0,81250000.0,3.305581529572338,matrices/15_random_adj_mat_6.txt,100
0,15,82481868.0,81875000.0,3.3191628785889513,matrices/15_random_adj_mat_7.txt,100
0,15,82167188.0,82500000.0,3.4685397650997656,matrices/15_random_adj_mat_8.txt,100
0,15,82315536.0,81250000.0,3.8185450466554456,matrices/15_random_adj_mat_9.txt,100
0,20,137033996.0,135625000.0,4.900303446795915,matrices/20_random_adj_mat_0.txt,100
0,20,135895392.0,135625000.0,6.01510327558803,matrices/20_random_adj_mat_1.txt,100
0,20,136981448.0,136250000.0,5.493685617621944,matrices/20_random_adj_mat_2.txt,100
0,20,136188152.0,135625000.0,5.445966977273601,matrices/20_random_adj_mat_3.txt,100
0,20,136382460.0,136250000.0,5.158521658941245,matrices/20_random_adj_mat_4.txt,100
0,20,135374896.0,135000000.0,4.8066675032791135,matrices/20_random_adj_mat_5.txt,100
0,20,136982920.0,136875000.0,5.425213972792276,matrices/20_random_adj_mat_6.txt,100
0,20,137314416.0,137500000.0,4.663526910656196,matrices/20_random_adj_mat_7.txt,100
0,20,136009376.0,136250000.0,6.0851032451450955,matrices/20_random_adj_mat_8.txt,100
0,20,135222176.0,134375000.0,5.021515971920361,matrices/20_random_adj_mat_9.txt,100
0,25,205187632.0,205000000.0,6.468894929843422,matrices/25_random_adj_mat_0.txt,100
0,25,205825220.0,205000000.0,6.984836659264709,matrices/25_random_adj_mat_1.txt,100
0,25,207841736.0,208125000.0,6.308166149269714,matrices/25_random_adj_mat_2.txt,100
0,25,208387700.0,208125000.0,6.711583011013613,matrices/25_random_adj_mat_3.txt,100
0,25,205503092.0,205625000.0,6.589834403982044,matrices/25_random_adj_mat_4.txt,100
0,25,204945912.0,204375000.0,7.643535848439779,matrices/25_random_adj_mat_5.txt,100
0,25,205312748.0,203750000.0,6.0460823190587325,matrices/25_random_adj_mat_6.txt,100
0,25,206015024.0,205625000.0,7.420579129107718,matrices/25_random_adj_mat_7.txt,100
0,25,207865268.0,206875000.0,6.99530023319278,matrices/25_random_adj_mat_8.txt,100
0,25,205949368.0,205625000.0,6.118990222199893,matrices/25_random_adj_mat_9.txt,100
0,30,294291388.0,293750000.0,9.436241392740838,matrices/30_random_adj_mat_0.txt,100
0,30,295634704.0,294375000.0,8.810288560040458,matrices/30_random_adj_mat_1.txt,100
0,30,296275388.0,296250000.0,9.410879370023677,matrices/30_random_adj_mat_2.txt,100
0,30,299341564.0,297500000.0,9.43984622211754,matrices/30_random_adj_mat_3.txt,100
0,30,298485288.0,298750000.0,9.086866418562233,matrices/30_random_adj_mat_4.txt,100
0,30,304121468.0,302500000.0,9.947319911062692,matrices/30_random_adj_mat_5.txt,100
0,30,308435324.0,308125000.0,8.753879612491414,matrices/30_random_adj_mat_6.txt,100
0,30,304327536.0,303750000.0,9.111958552190805,matrices/30_random_adj_mat_7.txt,100
0,30,300484116.0,298125000.0,9.370125627215709,matrices/30_random_adj_mat_8.txt,100
0,30,300543460.0,300000000.0,8.423360436330414,matrices/30_random_adj_mat_9.txt,100
0,30,301232784.0,300000000.0,9.298242879719096,matrices/30_random_adj_mat_0.txt,100
0,30,306367788.0,305625000.0,8.79906514690291,matrices/30_random_adj_mat_1.txt,100
0,30,303700864.0,301875000.0,9.530631547050046,matrices/30_random_adj_mat_2.txt,100
0,30,300884712.0,300625000.0,9.55968283783885,matrices/30_random_adj_mat_3.txt,100
0,30,298893140.0,297500000.0,9.017265102465494,matrices/30_random_adj_mat_4.txt,100
0,30,307086576.0,306250000.0,9.700682445889502,matrices/30_random_adj_mat_5.txt,100
0,30,302838896.0,301875000.0,8.795823696077255,matrices/30_random_adj_mat_6.txt,100
0,30,298531692.0,298125000.0,9.145594684256915,matrices/30_random_adj_mat_7.txt,100
0,30,300104460.0,300000000.0,9.397687744803092,matrices/30_random_adj_mat_8.txt,100
0,30,299396196.0,298750000.0,8.319585011802111,matrices/30_random_adj_mat_9.txt,100
0,40,549701996.0,548750000.0,14.70320320096419,matrices/40_random_adj_mat_0.txt,100
0,40,547292912.0,546250000.0,13.20736308590438,matrices/40_random_adj_mat_1.txt,100
0,40,541353700.0,540000000.0,13.826102778325426,matrices/40_random_adj_mat_2.txt,100
0,40,543439772.0,541250000.0,13.565147798158062,matrices/40_random_adj_mat_3.txt,100
0,40,548248916.0,546250000.0,12.722826889498364,matrices/40_random_adj_mat_4.txt,100
0,40,547003992.0,545625000.0,13.893957166904816,matrices/40_random_adj_mat_5.txt,100
0,40,546243852.0,546250000.0,12.151633794183404,matrices/40_random_adj_mat_6.txt,100
0,40,541876524.0,540000000.0,12.982716801428623,matrices/40_random_adj_mat_7.txt,100
0,40,546653460.0,544375000.0,13.497909130856614,matrices/40_random_adj_mat_8.txt,100
0,40,544741060.0,543125000.0,14.937923682164415,matrices/40_random_adj_mat_9.txt,100
0,50,888911508.0,888125000.0,18.84987772104275,matrices/50_random_adj_mat_0.txt,100
0,50,890126416.0,889375000.0,17.693958491875392,matrices/50_random_adj_mat_1.txt,100
0,50,909025044.0,906875000.0,16.86034012423843,matrices/50_random_adj_mat_2.txt,100
0,50,892309296.0,890625000.0,17.491214643788506,matrices/50_random_adj_mat_3.txt,100
0,50,912318320.0,909375000.0,18.65514221654456,matrices/50_random_adj_mat_4.txt,100
0,50,901076244.0,898125000.0,18.3845868684613,matrices/50_random_adj_mat_5.txt,100
0,50,912930560.0,911250000.0,18.18544198882714,matrices/50_random_adj_mat_6.txt,100
0,50,923367856.0,922500000.0,18.633322728324544,matrices/50_random_adj_mat_7.txt,100
0,50,921424156.0,920000000.0,17.440647238039325,matrices/50_random_adj_mat_8.txt,100
0,50,917582284.0,917500000.0,17.19864278625583,matrices/50_random_adj_mat_9.txt,100
