,n,avg_real,avg_cpu,med_cost,matrix,neighborhood_size
0,5,599200.0,0.0,2.249612736828632,matrices/5_random_adj_mat_0.txt,1
0,5,651300.0,0.0,2.4324100724478357,matrices/5_random_adj_mat_1.txt,1
0,5,361400.0,0.0,2.092769076252572,matrices/5_random_adj_mat_2.txt,1
0,5,366600.0,0.0,1.730408540073093,matrices/5_random_adj_mat_3.txt,1
0,5,336600.0,0.0,1.8381227481602793,matrices/5_random_adj_mat_4.txt,1
0,5,338200.0,0.0,2.907493662653474,matrices/5_random_adj_mat_5.txt,1
0,5,333800.0,0.0,2.9076783169773255,matrices/5_random_adj_mat_6.txt,1
0,5,334900.0,0.0,2.72738402847107,matrices/5_random_adj_mat_7.txt,1
0,5,397900.0,0.0,2.1307530483783985,matrices/5_random_adj_mat_8.txt,1
0,5,467600.0,15625000.0,2.616055718212318,matrices/5_random_adj_mat_9.txt,1
0,6,409400.0,0.0,2.6549481998199593,matrices/6_random_adj_mat_0.txt,1
0,6,391800.0,0.0,2.467254903724776,matrices/6_random_adj_mat_1.txt,1
0,6,373200.0,0.0,2.5826910133607814,matrices/6_random_adj_mat_2.txt,1
0,6,374200.0,0.0,2.624479955310725,matrices/6_random_adj_mat_3.txt,1
0,6,377900.0,0.0,2.2048908733462076,matrices/6_random_adj_mat_4.txt,1
0,6,364900.0,0.0,2.1213700507683013,matrices/6_random_adj_mat_5.txt,1
0,6,377700.0,0.0,1.7547496920325507,matrices/6_random_adj_mat_6.txt,1
0,6,375800.0,0.0,1.9668510853745373,matrices/6_random_adj_mat_7.txt,1
0,6,447700.0,0.0,2.4785680059775683,matrices/6_random_adj_mat_8.txt,1
0,6,386700.0,0.0,2.442624832178839,matrices/6_random_adj_mat_9.txt,1
0,7,511400.0,0.0,2.7125160759760063,matrices/7_random_adj_mat_0.txt,1
0,7,412900.0,0.0,2.1133715738835726,matrices/7_random_adj_mat_1.txt,1
0,7,486800.0,0.0,2.777140000591629,matrices/7_random_adj_mat_2.txt,1
0,7,407000.0,0.0,3.0371926800399494,matrices/7_random_adj_mat_3.txt,1
0,7,387100.0,0.0,2.5554025218915513,matrices/7_random_adj_mat_4.txt,1
0,7,494500.0,0.0,2.9264797050283384,matrices/7_random_adj_mat_5.txt,1
0,7,494800.0,0.0,2.3993175115964593,matrices/7_random_adj_mat_6.txt,1
0,7,399400.0,0.0,2.9150211715806713,matrices/7_random_adj_mat_7.txt,1
0,7,473000.0,0.0,2.3131457844957337,matrices/7_random_adj_mat_8.txt,1
0,7,422900.0,0.0,1.9213979013365259,matrices/7_random_adj_mat_9.txt,1
0,8,603800.0,0.0,2.2231337064636083,matrices/8_random_adj_mat_0.txt,1
0,8,441300.0,0.0,2.6618448708609623,matrices/8_random_adj_mat_1.txt,1
0,8,443700.0,0.0,3.2509760780739185,matrices/8_random_adj_mat_2.txt,1
0,8,447900.0,0.0,3.0082126608572954,matrices/8_random_adj_mat_3.txt,1
0,8,431400.0,0.0,2.2756674538241,matrices/8_random_adj_mat_4.txt,1
0,8,468000.0,0.0,2.6571824684529446,matrices/8_random_adj_mat_5.txt,1
0,8,435400.0,0.0,3.113879745070361,matrices/8_random_adj_mat_6.txt,1
0,8,424300.0,0.0,3.2213580364318943,matrices/8_random_adj_mat_7.txt,1
0,8,415400.0,0.0,3.663331270392181,matrices/8_random_adj_mat_8.txt,1
0,8,437100.0,0.0,2.7164336219495215,matrices/8_random_adj_mat_9.txt,1
0,9,439100.0,0.0,3.5312766558113453,matrices/9_random_adj_mat_0.txt,1
0,9,626800.0,0.0,4.316662458037406,matrices/9_random_adj_mat_1.txt,1
0,9,448600.0,0.0,3.54340063712079,matrices/9_random_adj_mat_2.txt,1
0,9,547900.0,0.0,2.664404846868446,matrices/9_random_adj_mat_3.txt,1
0,9,464900.0,0.0,3.007096014581226,matrices/9_random_adj_mat_4.txt,1
0,9,498000.0,0.0,3.383920315326472,matrices/9_random_adj_mat_5.txt,1
0,9,432500.0,0.0,3.7253668868793532,matrices/9_random_adj_mat_6.txt,1
0,9,480400.0,0.0,4.2818314665133075,matrices/9_random_adj_mat_7.txt,1
0,9,577900.0,0.0,3.7229681983145633,matrices/9_random_adj_mat_8.txt,1
0,9,457700.0,0.0,2.6169715630494466,matrices/9_random_adj_mat_9.txt,1
0,10,484600.0,0.0,3.3458448969685,matrices/10_random_adj_mat_0.txt,1
0,10,503400.0,0.0,3.4732880917022393,matrices/10_random_adj_mat_1.txt,1
0,10,627600.0,0.0,4.1940260692341145,matrices/10_random_adj_mat_2.txt,1
0,10,527400.0,0.0,4.006483982837086,matrices/10_random_adj_mat_3.txt,1
0,10,467200.0,0.0,4.450771081703687,matrices/10_random_adj_mat_4.txt,1
0,10,540300.0,0.0,2.991089404900734,matrices/10_random_adj_mat_5.txt,1
0,10,478700.0,0.0,3.7671049576628013,matrices/10_random_adj_mat_6.txt,1
0,10,475000.0,0.0,4.308524922659773,matrices/10_random_adj_mat_7.txt,1
0,10,475300.0,0.0,4.235733195534178,matrices/10_random_adj_mat_8.txt,1
0,10,483700.0,0.0,3.8835347944622516,matrices/10_random_adj_mat_9.txt,1
0,15,798000.0,0.0,6.352157970233254,matrices/15_random_adj_mat_0.txt,1
0,15,728900.0,0.0,5.907810884038947,matrices/15_random_adj_mat_1.txt,1
0,15,609700.0,0.0,5.877211995269252,matrices/15_random_adj_mat_2.txt,1
0,15,658400.0,0.0,5.0786564784921335,matrices/15_random_adj_mat_3.txt,1
0,15,713800.0,0.0,5.362451207902158,matrices/15_random_adj_mat_4.txt,1
0,15,654300.0,0.0,5.516537772938092,matrices/15_random_adj_mat_5.txt,1
0,15,595800.0,0.0,4.711869979408127,matrices/15_random_adj_mat_6.txt,1
0,15,682100.0,0.0,4.464401586629817,matrices/15_random_adj_mat_7.txt,1
0,15,821100.0,0.0,5.637178696749024,matrices/15_random_adj_mat_8.txt,1
0,15,709700.0,0.0,5.9259647246356995,matrices/15_random_adj_mat_9.txt,1
0,20,816000.0,0.0,7.164333754241,matrices/20_random_adj_mat_0.txt,1
0,20,785700.0,0.0,8.809066820847843,matrices/20_random_adj_mat_1.txt,1
0,20,935100.0,0.0,8.559000946213676,matrices/20_random_adj_mat_2.txt,1
0,20,835000.0,0.0,7.637396613394995,matrices/20_random_adj_mat_3.txt,1
0,20,777300.0,15625000.0,9.575627272835863,matrices/20_random_adj_mat_4.txt,1
0,20,932400.0,0.0,7.355028437066481,matrices/20_random_adj_mat_5.txt,1
0,20,890400.0,0.0,8.248370262762457,matrices/20_random_adj_mat_6.txt,1
0,20,758400.0,0.0,7.9570035392582374,matrices/20_random_adj_mat_7.txt,1
0,20,780400.0,0.0,8.695066308712375,matrices/20_random_adj_mat_8.txt,1
0,20,715300.0,0.0,7.7375581044722725,matrices/20_random_adj_mat_9.txt,1
0,25,1129500.0,0.0,10.854012217871988,matrices/25_random_adj_mat_0.txt,1
0,25,1009600.0,0.0,9.007404006582941,matrices/25_random_adj_mat_1.txt,1
0,25,1054500.0,15625000.0,10.134967074174025,matrices/25_random_adj_mat_2.txt,1
0,25,1066400.0,0.0,10.343868237227134,matrices/25_random_adj_mat_3.txt,1
0,25,953100.0,0.0,11.044774947930637,matrices/25_random_adj_mat_4.txt,1
0,25,998900.0,0.0,12.263653809201733,matrices/25_random_adj_mat_5.txt,1
0,25,931000.0,0.0,9.723247373029837,matrices/25_random_adj_mat_6.txt,1
0,25,963200.0,0.0,10.796551823691457,matrices/25_random_adj_mat_7.txt,1
0,25,946200.0,0.0,10.56212005407507,matrices/25_random_adj_mat_8.txt,1
0,25,995900.0,0.0,9.586099469000127,matrices/25_random_adj_mat_9.txt,1
0,30,1487200.0,15625000.0,14.071831130636012,matrices/30_random_adj_mat_0.txt,1
0,30,1214900.0,0.0,12.833371804586841,matrices/30_random_adj_mat_1.txt,1
0,30,1169500.0,0.0,13.72576430743544,matrices/30_random_adj_mat_2.txt,1
0,30,1114000.0,0.0,13.108142051874694,matrices/30_random_adj_mat_3.txt,1
0,30,1361300.0,0.0,13.672447727172822,matrices/30_random_adj_mat_4.txt,1
0,30,1206900.0,0.0,13.588149211075509,matrices/30_random_adj_mat_5.txt,1
0,30,1350200.0,0.0,13.365700539247918,matrices/30_random_adj_mat_6.txt,1
0,30,1359000.0,15625000.0,11.592386500357573,matrices/30_random_adj_mat_7.txt,1
0,30,1126800.0,0.0,14.575461153859314,matrices/30_random_adj_mat_8.txt,1
0,30,1407400.0,0.0,12.481433111773043,matrices/30_random_adj_mat_9.txt,1
0,30,1290700.0,0.0,12.757395901035439,matrices/30_random_adj_mat_0.txt,1
0,30,1115800.0,0.0,12.389368341009199,matrices/30_random_adj_mat_1.txt,1
0,30,1071500.0,0.0,13.49529478232617,matrices/30_random_adj_mat_2.txt,1
0,30,1145600.0,0.0,13.253593384504512,matrices/30_random_adj_mat_3.txt,1
0,30,1204200.0,0.0,13.09902695981375,matrices/30_random_adj_mat_4.txt,1
0,30,1278500.0,0.0,13.647060885311392,matrices/30_random_adj_mat_5.txt,1
0,30,1265700.0,0.0,12.736643213440082,matrices/30_random_adj_mat_6.txt,1
0,30,1219500.0,0.0,13.695259406836524,matrices/30_random_adj_mat_7.txt,1
0,30,1236900.0,0.0,13.517971014109735,matrices/30_random_adj_mat_8.txt,1
0,30,1335800.0,0.0,12.422795888318847,matrices/30_random_adj_mat_9.txt,1
0,40,1566500.0,0.0,19.845188736902315,matrices/40_random_adj_mat_0.txt,1
0,40,1728200.0,15625000.0,17.475777295381523,matrices/40_random_adj_mat_1.txt,1
0,40,1981700.0,0.0,18.771260758541974,matrices/40_random_adj_mat_2.txt,1
0,40,2121400.0,0.0,18.44213751336278,matrices/40_random_adj_mat_3.txt,1
0,40,1757600.0,0.0,17.880828040168247,matrices/40_random_adj_mat_4.txt,1
0,40,1667500.0,0.0,18.0549595747842,matrices/40_random_adj_mat_5.txt,1
0,40,1636400.0,0.0,15.768848380069013,matrices/40_random_adj_mat_6.txt,1
0,40,1572400.0,0.0,18.397981680133054,matrices/40_random_adj_mat_7.txt,1
0,40,1596000.0,0.0,17.921172168466526,matrices/40_random_adj_mat_8.txt,1
0,40,1706900.0,0.0,20.30638852686119,matrices/40_random_adj_mat_9.txt,1
0,50,2101200.0,0.0,24.38165748553608,matrices/50_random_adj_mat_0.txt,1
0,50,2048300.0,0.0,22.116699994625577,matrices/50_random_adj_mat_1.txt,1
0,50,2102100.0,15625000.0,20.671040226280848,matrices/50_random_adj_mat_2.txt,1
0,50,2143100.0,0.0,22.087220658675424,matrices/50_random_adj_mat_3.txt,1
0,50,1984800.0,0.0,24.35380195023825,matrices/50_random_adj_mat_4.txt,1
0,50,2017700.0,0.0,22.994933612307484,matrices/50_random_adj_mat_5.txt,1
0,50,1898100.0,0.0,22.78823415717729,matrices/50_random_adj_mat_6.txt,1
0,50,2094100.0,15625000.0,24.386443831255956,matrices/50_random_adj_mat_7.txt,1
0,50,2139000.0,0.0,22.81513545977225,matrices/50_random_adj_mat_8.txt,1
0,50,2166400.0,0.0,21.687635311597564,matrices/50_random_adj_mat_9.txt,1
0,5,1462900.0,15625000.0,2.249612736828632,matrices/5_random_adj_mat_0.txt,5
0,5,1085300.0,0.0,2.4324100724478357,matrices/5_random_adj_mat_1.txt,5
0,5,1195000.0,0.0,2.092769076252572,matrices/5_random_adj_mat_2.txt,5
0,5,1154700.0,0.0,1.730408540073093,matrices/5_random_adj_mat_3.txt,5
0,5,1108500.0,0.0,1.8381227481602793,matrices/5_random_adj_mat_4.txt,5
0,5,1165300.0,0.0,2.907493662653474,matrices/5_random_adj_mat_5.txt,5
0,5,1243800.0,15625000.0,2.907678316977325,matrices/5_random_adj_mat_6.txt,5
0,5,1442200.0,0.0,2.72738402847107,matrices/5_random_adj_mat_7.txt,5
0,5,1175000.0,0.0,2.1307530483783985,matrices/5_random_adj_mat_8.txt,5
0,5,1175600.0,0.0,2.616055718212318,matrices/5_random_adj_mat_9.txt,5
0,6,1756200.0,0.0,2.6549481998199593,matrices/6_random_adj_mat_0.txt,5
0,6,1336500.0,0.0,2.3857942300953416,matrices/6_random_adj_mat_1.txt,5
0,6,1525500.0,0.0,2.5826910133607814,matrices/6_random_adj_mat_2.txt,5
0,6,1647500.0,0.0,2.6244799553107248,matrices/6_random_adj_mat_3.txt,5
0,6,1572000.0,0.0,2.204890873346207,matrices/6_random_adj_mat_4.txt,5
0,6,1036600.0,0.0,2.1213700507683013,matrices/6_random_adj_mat_5.txt,5
0,6,1435700.0,0.0,1.7547496920325507,matrices/6_random_adj_mat_6.txt,5
0,6,1212900.0,0.0,1.9668510853745373,matrices/6_random_adj_mat_7.txt,5
0,6,1282800.0,0.0,2.4785680059775683,matrices/6_random_adj_mat_8.txt,5
0,6,1250100.0,15625000.0,2.442624832178839,matrices/6_random_adj_mat_9.txt,5
0,7,1592200.0,0.0,2.5485158336662055,matrices/7_random_adj_mat_0.txt,5
0,7,1679900.0,0.0,2.1138150373113045,matrices/7_random_adj_mat_1.txt,5
0,7,2163500.0,0.0,2.765538655869785,matrices/7_random_adj_mat_2.txt,5
0,7,1654000.0,0.0,3.0033401217902123,matrices/7_random_adj_mat_3.txt,5
0,7,1650700.0,0.0,2.490845941532837,matrices/7_random_adj_mat_4.txt,5
0,7,1451100.0,0.0,2.5723564469140525,matrices/7_random_adj_mat_5.txt,5
0,7,1868900.0,0.0,2.399317511596459,matrices/7_random_adj_mat_6.txt,5
0,7,1550500.0,0.0,2.869162661634958,matrices/7_random_adj_mat_7.txt,5
0,7,1750600.0,0.0,2.3131457844957337,matrices/7_random_adj_mat_8.txt,5
0,7,1761900.0,0.0,1.9213979013365257,matrices/7_random_adj_mat_9.txt,5
0,8,1887500.0,15625000.0,2.290434661140581,matrices/8_random_adj_mat_0.txt,5
0,8,2861300.0,0.0,2.617022360072963,matrices/8_random_adj_mat_1.txt,5
0,8,1947500.0,0.0,3.029477877548587,matrices/8_random_adj_mat_2.txt,5
0,8,2167500.0,0.0,2.555412885542519,matrices/8_random_adj_mat_3.txt,5
0,8,2030500.0,0.0,2.3648721097559076,matrices/8_random_adj_mat_4.txt,5
0,8,1910800.0,0.0,2.5947795613832856,matrices/8_random_adj_mat_5.txt,5
0,8,1920200.0,0.0,2.7264427283512096,matrices/8_random_adj_mat_6.txt,5
0,8,1829300.0,0.0,2.8759225447740446,matrices/8_random_adj_mat_7.txt,5
0,8,1817100.0,0.0,2.9245232677730293,matrices/8_random_adj_mat_8.txt,5
0,8,1723500.0,15625000.0,2.3974053238819217,matrices/8_random_adj_mat_9.txt,5
0,9,2431800.0,0.0,2.8030371210472502,matrices/9_random_adj_mat_0.txt,5
0,9,2148900.0,0.0,3.425061693053154,matrices/9_random_adj_mat_1.txt,5
0,9,1945800.0,0.0,3.3374177066943247,matrices/9_random_adj_mat_2.txt,5
0,9,1925600.0,0.0,2.4796224566556866,matrices/9_random_adj_mat_3.txt,5
0,9,2047400.0,0.0,2.8388948753827026,matrices/9_random_adj_mat_4.txt,5
0,9,1974500.0,0.0,2.7701374861191868,matrices/9_random_adj_mat_5.txt,5
0,9,2259700.0,0.0,2.982113850340423,matrices/9_random_adj_mat_6.txt,5
0,9,2276300.0,0.0,3.430925771103049,matrices/9_random_adj_mat_7.txt,5
0,9,2276300.0,0.0,2.9485998664242383,matrices/9_random_adj_mat_8.txt,5
0,9,2229900.0,0.0,2.2771753644261548,matrices/9_random_adj_mat_9.txt,5
0,10,2339900.0,0.0,2.662516265023181,matrices/10_random_adj_mat_0.txt,5
0,10,3096100.0,0.0,3.0353818349113464,matrices/10_random_adj_mat_1.txt,5
0,10,2680200.0,0.0,3.5260871575079435,matrices/10_random_adj_mat_2.txt,5
0,10,3473700.0,15625000.0,3.421195560557819,matrices/10_random_adj_mat_3.txt,5
0,10,2428000.0,0.0,3.798868542726552,matrices/10_random_adj_mat_4.txt,5
0,10,2503900.0,0.0,2.845254674392687,matrices/10_random_adj_mat_5.txt,5
0,10,3277300.0,0.0,3.4672760130201716,matrices/10_random_adj_mat_6.txt,5
0,10,2111700.0,15625000.0,3.366281988171553,matrices/10_random_adj_mat_7.txt,5
0,10,2543500.0,0.0,3.2981434034744623,matrices/10_random_adj_mat_8.txt,5
0,10,2456000.0,0.0,3.121572997281801,matrices/10_random_adj_mat_9.txt,5
0,15,3959200.0,0.0,5.739703978451553,matrices/15_random_adj_mat_0.txt,5
0,15,3535000.0,15625000.0,4.740514845583498,matrices/15_random_adj_mat_1.txt,5
0,15,3710200.0,0.0,4.687174699288468,matrices/15_random_adj_mat_2.txt,5
0,15,4554000.0,0.0,4.220272856663827,matrices/15_random_adj_mat_3.txt,5
0,15,3988800.0,0.0,4.370288127505886,matrices/15_random_adj_mat_4.txt,5
0,15,3598100.0,0.0,3.986124833652611,matrices/15_random_adj_mat_5.txt,5
0,15,3773700.0,0.0,4.048633918720525,matrices/15_random_adj_mat_6.txt,5
0,15,2957000.0,0.0,3.943414114632385,matrices/15_random_adj_mat_7.txt,5
0,15,4246700.0,0.0,4.359641151185857,matrices/15_random_adj_mat_8.txt,5
0,15,4207300.0,0.0,4.295559992095064,matrices/15_random_adj_mat_9.txt,5
0,20,4836000.0,15625000.0,6.150442407917743,matrices/20_random_adj_mat_0.txt,5
0,20,4880200.0,0.0,7.532315829495105,matrices/20_random_adj_mat_1.txt,5
0,20,4798600.0,15625000.0,6.910721508021967,matrices/20_random_adj_mat_2.txt,5
0,20,5540700.0,0.0,6.879117678839154,matrices/20_random_adj_mat_3.txt,5
0,20,4393500.0,0.0,5.881212206762746,matrices/20_random_adj_mat_4.txt,5
0,20,4712500.0,15625000.0,6.492832045439116,matrices/20_random_adj_mat_5.txt,5
0,20,4900900.0,0.0,6.820133396412405,matrices/20_random_adj_mat_6.txt,5
0,20,4399800.0,15625000.0,6.068645206199884,matrices/20_random_adj_mat_7.txt,5
0,20,5195400.0,0.0,7.420317509881498,matrices/20_random_adj_mat_8.txt,5
0,20,5108300.0,0.0,6.29952236038214,matrices/20_random_adj_mat_9.txt,5
0,25,5541500.0,15625000.0,7.472866848766331,matrices/25_random_adj_mat_0.txt,5
0,25,5908900.0,0.0,8.821836035469566,matrices/25_random_adj_mat_1.txt,5
0,25,7642900.0,15625000.0,7.817959214686631,matrices/25_random_adj_mat_2.txt,5
0,25,7342000.0,0.0,8.339503096734441,matrices/25_random_adj_mat_3.txt,5
0,25,7681000.0,15625000.0,8.947268427656965,matrices/25_random_adj_mat_4.txt,5
0,25,6021600.0,15625000.0,10.13774490456434,matrices/25_random_adj_mat_5.txt,5
0,25,7549900.0,0.0,7.593646870911889,matrices/25_random_adj_mat_6.txt,5
0,25,5579000.0,0.0,8.474512553535734,matrices/25_random_adj_mat_7.txt,5
0,25,6511100.0,0.0,9.11639939275666,matrices/25_random_adj_mat_8.txt,5
0,25,7523400.0,15625000.0,8.144633758194589,matrices/25_random_adj_mat_9.txt,5
0,30,9093300.0,0.0,11.307384510641077,matrices/30_random_adj_mat_0.txt,5
0,30,9647500.0,15625000.0,10.245463649324039,matrices/30_random_adj_mat_1.txt,5
0,30,8050300.0,15625000.0,10.998763941594287,matrices/30_random_adj_mat_2.txt,5
0,30,7025100.0,0.0,11.124505838218923,matrices/30_random_adj_mat_3.txt,5
0,30,8843200.0,15625000.0,11.496510957227745,matrices/30_random_adj_mat_4.txt,5
0,30,7090200.0,0.0,11.59232791737485,matrices/30_random_adj_mat_5.txt,5
0,30,7105500.0,15625000.0,10.4929338635622,matrices/30_random_adj_mat_6.txt,5
0,30,8465700.0,15625000.0,11.156507915802885,matrices/30_random_adj_mat_7.txt,5
0,30,7401900.0,0.0,10.429889097088077,matrices/30_random_adj_mat_8.txt,5
0,30,6642500.0,15625000.0,10.374530855417964,matrices/30_random_adj_mat_9.txt,5
0,30,8102800.0,0.0,11.010454494172194,matrices/30_random_adj_mat_0.txt,5
0,30,8370300.0,15625000.0,10.698018256619783,matrices/30_random_adj_mat_1.txt,5
0,30,7079300.0,15625000.0,10.389665059359055,matrices/30_random_adj_mat_2.txt,5
0,30,7395700.0,0.0,10.24128189066497,matrices/30_random_adj_mat_3.txt,5
0,30,9070500.0,15625000.0,10.502671859320243,matrices/30_random_adj_mat_4.txt,5
0,30,12717700.0,0.0,10.985422994376652,matrices/30_random_adj_mat_5.txt,5
0,30,9182300.0,15625000.0,8.763836267217807,matrices/30_random_adj_mat_6.txt,5
0,30,9799000.0,0.0,11.586108684783927,matrices/30_random_adj_mat_7.txt,5
0,30,9347200.0,15625000.0,10.428892159123055,matrices/30_random_adj_mat_8.txt,5
0,30,15201100.0,15625000.0,10.85220343352272,matrices/30_random_adj_mat_9.txt,5
0,40,13187400.0,15625000.0,16.02253490302754,matrices/40_random_adj_mat_0.txt,5
0,40,12999700.0,15625000.0,14.688689456038123,matrices/40_random_adj_mat_1.txt,5
0,40,12523300.0,15625000.0,14.309686377684379,matrices/40_random_adj_mat_2.txt,5
0,40,11276800.0,15625000.0,14.453029060162896,matrices/40_random_adj_mat_3.txt,5
0,40,10171000.0,15625000.0,14.987447075882143,matrices/40_random_adj_mat_4.txt,5
0,40,11752500.0,0.0,15.773087421049562,matrices/40_random_adj_mat_5.txt,5
0,40,11463200.0,0.0,14.496550277967412,matrices/40_random_adj_mat_6.txt,5
0,40,10952500.0,15625000.0,14.576719713630267,matrices/40_random_adj_mat_7.txt,5
0,40,10416900.0,15625000.0,15.285616789437759,matrices/40_random_adj_mat_8.txt,5
0,40,11445500.0,15625000.0,15.787411979564661,matrices/40_random_adj_mat_9.txt,5
0,50,14079800.0,15625000.0,20.34848713446668,matrices/50_random_adj_mat_0.txt,5
0,50,16500800.0,15625000.0,18.590521636532575,matrices/50_random_adj_mat_1.txt,5
0,50,14963600.0,15625000.0,17.480224817473726,matrices/50_random_adj_mat_2.txt,5
0,50,14928700.0,15625000.0,17.530880413536433,matrices/50_random_adj_mat_3.txt,5
0,50,15000800.0,15625000.0,19.117764090965686,matrices/50_random_adj_mat_4.txt,5
0,50,14381300.0,15625000.0,18.871515595448216,matrices/50_random_adj_mat_5.txt,5
0,50,14582100.0,15625000.0,18.732414148553413,matrices/50_random_adj_mat_6.txt,5
0,50,14749500.0,15625000.0,20.621937909847347,matrices/50_random_adj_mat_7.txt,5
0,50,16322000.0,15625000.0,18.732850196475184,matrices/50_random_adj_mat_8.txt,5
0,50,12978000.0,15625000.0,17.265098584222162,matrices/50_random_adj_mat_9.txt,5
0,5,2759900.0,0.0,2.249612736828632,matrices/5_random_adj_mat_0.txt,10
0,5,1836900.0,15625000.0,2.4324100724478357,matrices/5_random_adj_mat_1.txt,10
0,5,1973300.0,0.0,2.092769076252572,matrices/5_random_adj_mat_2.txt,10
0,5,2090600.0,0.0,1.730408540073093,matrices/5_random_adj_mat_3.txt,10
0,5,2211100.0,0.0,1.8381227481602793,matrices/5_random_adj_mat_4.txt,10
0,5,2013000.0,0.0,2.907493662653474,matrices/5_random_adj_mat_5.txt,10
0,5,2158200.0,15625000.0,2.907678316977325,matrices/5_random_adj_mat_6.txt,10
0,5,1927600.0,0.0,2.72738402847107,matrices/5_random_adj_mat_7.txt,10
0,5,2014100.0,0.0,2.1307530483783985,matrices/5_random_adj_mat_8.txt,10
0,5,2090800.0,0.0,2.616055718212318,matrices/5_random_adj_mat_9.txt,10
0,6,2608100.0,0.0,2.6549481998199593,matrices/6_random_adj_mat_0.txt,10
0,6,2728700.0,15625000.0,2.3857942300953416,matrices/6_random_adj_mat_1.txt,10
0,6,2497200.0,0.0,2.5826910133607814,matrices/6_random_adj_mat_2.txt,10
0,6,2907600.0,0.0,2.6244799553107248,matrices/6_random_adj_mat_3.txt,10
0,6,3528700.0,0.0,2.204890873346207,matrices/6_random_adj_mat_4.txt,10
0,6,2663800.0,15625000.0,2.1213700507683013,matrices/6_random_adj_mat_5.txt,10
0,6,3175500.0,0.0,1.7547496920325507,matrices/6_random_adj_mat_6.txt,10
0,6,2727700.0,0.0,1.9668510853745371,matrices/6_random_adj_mat_7.txt,10
0,6,3046100.0,0.0,2.4785680059775683,matrices/6_random_adj_mat_8.txt,10
0,6,3080900.0,0.0,2.442624832178839,matrices/6_random_adj_mat_9.txt,10
0,7,3048100.0,0.0,2.5485158336662055,matrices/7_random_adj_mat_0.txt,10
0,7,3902300.0,0.0,2.1133715738835726,matrices/7_random_adj_mat_1.txt,10
0,7,4152200.0,0.0,2.765538655869785,matrices/7_random_adj_mat_2.txt,10
0,7,3971000.0,0.0,2.846818037575111,matrices/7_random_adj_mat_3.txt,10
0,7,3796500.0,0.0,2.490845941532837,matrices/7_random_adj_mat_4.txt,10
0,7,3279000.0,15625000.0,2.5723564469140525,matrices/7_random_adj_mat_5.txt,10
0,7,3977500.0,0.0,2.3993175115964593,matrices/7_random_adj_mat_6.txt,10
0,7,4197600.0,0.0,2.8691626616349586,matrices/7_random_adj_mat_7.txt,10
0,7,3410000.0,15625000.0,2.3131457844957337,matrices/7_random_adj_mat_8.txt,10
0,7,3892800.0,0.0,1.9213979013365257,matrices/7_random_adj_mat_9.txt,10
0,8,5273500.0,0.0,2.169253240672645,matrices/8_random_adj_mat_0.txt,10
0,8,4066100.0,15625000.0,2.617022360072963,matrices/8_random_adj_mat_1.txt,10
0,8,4626700.0,0.0,2.922101088853702,matrices/8_random_adj_mat_2.txt,10
0,8,4345700.0,0.0,2.5554128855425193,matrices/8_random_adj_mat_3.txt,10
0,8,4160700.0,15625000.0,2.259541309300535,matrices/8_random_adj_mat_4.txt,10
0,8,4210700.0,0.0,2.6414412178753333,matrices/8_random_adj_mat_5.txt,10
0,8,4484100.0,15625000.0,2.6801242091455997,matrices/8_random_adj_mat_6.txt,10
0,8,4287800.0,0.0,2.653053185766895,matrices/8_random_adj_mat_7.txt,10
0,8,3471100.0,0.0,2.9245232677730293,matrices/8_random_adj_mat_8.txt,10
0,8,4130300.0,0.0,2.3974053238819213,matrices/8_random_adj_mat_9.txt,10
0,9,4876000.0,0.0,2.761946756155129,matrices/9_random_adj_mat_0.txt,10
0,9,5227300.0,0.0,3.4250616930531534,matrices/9_random_adj_mat_1.txt,10
0,9,4295700.0,15625000.0,3.0553963577880148,matrices/9_random_adj_mat_2.txt,10
0,9,5426400.0,0.0,2.4796224566556866,matrices/9_random_adj_mat_3.txt,10
0,9,5264500.0,0.0,2.7811236700531246,matrices/9_random_adj_mat_4.txt,10
0,9,5539800.0,0.0,2.735829266110626,matrices/9_random_adj_mat_5.txt,10
0,9,5016700.0,0.0,2.8945244142259123,matrices/9_random_adj_mat_6.txt,10
0,9,4812700.0,15625000.0,3.461015321445683,matrices/9_random_adj_mat_7.txt,10
0,9,5070500.0,0.0,2.9485998664242383,matrices/9_random_adj_mat_8.txt,10
0,9,5840300.0,15625000.0,2.2969258985512586,matrices/9_random_adj_mat_9.txt,10
0,10,5525600.0,0.0,2.5926501185587996,matrices/10_random_adj_mat_0.txt,10
0,10,5890300.0,15625000.0,3.240992619746243,matrices/10_random_adj_mat_1.txt,10
0,10,6016100.0,0.0,3.42758424849459,matrices/10_random_adj_mat_2.txt,10
0,10,6472800.0,15625000.0,3.3224659291711216,matrices/10_random_adj_mat_3.txt,10
0,10,5903100.0,0.0,3.2268629179918995,matrices/10_random_adj_mat_4.txt,10
0,10,5965400.0,15625000.0,2.687488969303641,matrices/10_random_adj_mat_5.txt,10
0,10,7160600.0,0.0,2.9876086680902314,matrices/10_random_adj_mat_6.txt,10
0,10,6190900.0,15625000.0,3.3379027145133744,matrices/10_random_adj_mat_7.txt,10
0,10,5709700.0,0.0,2.9922735580489253,matrices/10_random_adj_mat_8.txt,10
0,10,6131700.0,0.0,2.828184716381501,matrices/10_random_adj_mat_9.txt,10
0,15,10485700.0,15625000.0,4.499656929310695,matrices/15_random_adj_mat_0.txt,10
0,15,9285300.0,15625000.0,4.31720240919463,matrices/15_random_adj_mat_1.txt,10
0,15,10005600.0,15625000.0,4.304086590188229,matrices/15_random_adj_mat_2.txt,10
0,15,10745800.0,0.0,4.29621574803387,matrices/15_random_adj_mat_3.txt,10
0,15,9913000.0,15625000.0,4.353780736827472,matrices/15_random_adj_mat_4.txt,10
0,15,9126700.0,15625000.0,3.7830498352898934,matrices/15_random_adj_mat_5.txt,10
0,15,8748600.0,0.0,3.3390566690602,matrices/15_random_adj_mat_6.txt,10
0,15,10741500.0,0.0,3.701811361107479,matrices/15_random_adj_mat_7.txt,10
0,15,9250900.0,15625000.0,3.96022553787733,matrices/15_random_adj_mat_8.txt,10
0,15,9509000.0,15625000.0,4.258750020449679,matrices/15_random_adj_mat_9.txt,10
0,20,16108100.0,15625000.0,5.439147002604541,matrices/20_random_adj_mat_0.txt,10
0,20,12527100.0,15625000.0,6.406894482182813,matrices/20_random_adj_mat_1.txt,10
0,20,13513800.0,15625000.0,6.290535807680989,matrices/20_random_adj_mat_2.txt,10
0,20,16529500.0,15625000.0,5.959681606079446,matrices/20_random_adj_mat_3.txt,10
0,20,14272400.0,15625000.0,5.935684369077993,matrices/20_random_adj_mat_4.txt,10
0,20,16661500.0,15625000.0,5.8272357186599635,matrices/20_random_adj_mat_5.txt,10
0,20,13958000.0,15625000.0,5.554890568060822,matrices/20_random_adj_mat_6.txt,10
0,20,13911400.0,15625000.0,5.809403389091503,matrices/20_random_adj_mat_7.txt,10
0,20,14204100.0,15625000.0,6.404341217757859,matrices/20_random_adj_mat_8.txt,10
0,20,13048200.0,15625000.0,5.315654486320281,matrices/20_random_adj_mat_9.txt,10
0,25,20934100.0,15625000.0,6.930473511148845,matrices/25_random_adj_mat_0.txt,10
0,25,21610200.0,31250000.0,7.234677092164192,matrices/25_random_adj_mat_1.txt,10
0,25,20617300.0,15625000.0,7.2171697440601505,matrices/25_random_adj_mat_2.txt,10
0,25,18123800.0,31250000.0,8.198614445052385,matrices/25_random_adj_mat_3.txt,10
0,25,23582200.0,15625000.0,7.020369741016532,matrices/25_random_adj_mat_4.txt,10
0,25,20707300.0,31250000.0,7.343218567259531,matrices/25_random_adj_mat_5.txt,10
0,25,18185000.0,15625000.0,6.3553433131750525,matrices/25_random_adj_mat_6.txt,10
0,25,21760400.0,15625000.0,8.224540353684299,matrices/25_random_adj_mat_7.txt,10
0,25,19579800.0,31250000.0,7.9763741660958996,matrices/25_random_adj_mat_8.txt,10
0,25,21238900.0,15625000.0,5.83210195043453,matrices/25_random_adj_mat_9.txt,10
0,30,25615100.0,31250000.0,9.429640394057952,matrices/30_random_adj_mat_0.txt,10
0,30,26595100.0,31250000.0,9.126642383160304,matrices/30_random_adj_mat_1.txt,10
0,30,25369900.0,31250000.0,9.360536656282237,matrices/30_random_adj_mat_2.txt,10
0,30,30847300.0,31250000.0,8.010114318947108,matrices/30_random_adj_mat_3.txt,10
0,30,26541800.0,15625000.0,9.069814730030386,matrices/30_random_adj_mat_4.txt,10
0,30,26571500.0,31250000.0,8.551941949814717,matrices/30_random_adj_mat_5.txt,10
0,30,28159700.0,31250000.0,9.169114485257804,matrices/30_random_adj_mat_6.txt,10
0,30,27074400.0,31250000.0,9.872472439198479,matrices/30_random_adj_mat_7.txt,10
0,30,23136200.0,15625000.0,9.531403136396136,matrices/30_random_adj_mat_8.txt,10
0,30,23789700.0,15625000.0,8.54135866010514,matrices/30_random_adj_mat_9.txt,10
0,30,27930200.0,31250000.0,8.513143974094753,matrices/30_random_adj_mat_0.txt,10
0,30,26775700.0,31250000.0,8.667648442658178,matrices/30_random_adj_mat_1.txt,10
0,30,25459100.0,31250000.0,10.712084858963156,matrices/30_random_adj_mat_2.txt,10
0,30,26171800.0,15625000.0,9.621846658755786,matrices/30_random_adj_mat_3.txt,10
0,30,25405400.0,31250000.0,9.543083694614634,matrices/30_random_adj_mat_4.txt,10
0,30,28487000.0,31250000.0,9.463269954011562,matrices/30_random_adj_mat_5.txt,10
0,30,26830300.0,31250000.0,8.28471706219607,matrices/30_random_adj_mat_6.txt,10
0,30,29237500.0,31250000.0,8.610584265175419,matrices/30_random_adj_mat_7.txt,10
0,30,28424700.0,31250000.0,9.183938835581692,matrices/30_random_adj_mat_8.txt,10
0,30,24027000.0,15625000.0,8.447579063314757,matrices/30_random_adj_mat_9.txt,10
0,40,41186200.0,46875000.0,13.186131270909991,matrices/40_random_adj_mat_0.txt,10
0,40,43337000.0,46875000.0,12.305651314432398,matrices/40_random_adj_mat_1.txt,10
0,40,44738000.0,46875000.0,12.827785247101529,matrices/40_random_adj_mat_2.txt,10
0,40,37396000.0,31250000.0,13.044409921326379,matrices/40_random_adj_mat_3.txt,10
0,40,41261700.0,31250000.0,11.984065546683091,matrices/40_random_adj_mat_4.txt,10
0,40,39220100.0,46875000.0,12.799964064578498,matrices/40_random_adj_mat_5.txt,10
0,40,40121200.0,46875000.0,11.776519363015371,matrices/40_random_adj_mat_6.txt,10
0,40,46669000.0,46875000.0,11.235490937191909,matrices/40_random_adj_mat_7.txt,10
0,40,37905300.0,31250000.0,12.908294378620134,matrices/40_random_adj_mat_8.txt,10
0,40,36525700.0,46875000.0,14.023770912043982,matrices/40_random_adj_mat_9.txt,10
0,50,44494700.0,46875000.0,16.473963372872284,matrices/50_random_adj_mat_0.txt,10
0,50,55070000.0,46875000.0,15.741391714347778,matrices/50_random_adj_mat_1.txt,10
0,50,51628500.0,62500000.0,15.411499200529894,matrices/50_random_adj_mat_2.txt,10
0,50,51768700.0,46875000.0,15.963848629893679,matrices/50_random_adj_mat_3.txt,10
0,50,58204100.0,62500000.0,16.53276987015949,matrices/50_random_adj_mat_4.txt,10
0,50,49117100.0,46875000.0,15.458909567197457,matrices/50_random_adj_mat_5.txt,10
0,50,51272000.0,46875000.0,16.30284141820143,matrices/50_random_adj_mat_6.txt,10
0,50,48965500.0,46875000.0,16.905367830644906,matrices/50_random_adj_mat_7.txt,10
0,50,58964700.0,62500000.0,15.279870969075043,matrices/50_random_adj_mat_8.txt,10
0,50,52017000.0,46875000.0,15.005607297621616,matrices/50_random_adj_mat_9.txt,10
0,5,4499400.0,0.0,2.249612736828632,matrices/5_random_adj_mat_0.txt,20
0,5,3478300.0,0.0,2.4324100724478357,matrices/5_random_adj_mat_1.txt,20
0,5,4012900.0,0.0,2.092769076252572,matrices/5_random_adj_mat_2.txt,20
0,5,3831200.0,0.0,1.730408540073093,matrices/5_random_adj_mat_3.txt,20
0,5,3733100.0,0.0,1.8381227481602793,matrices/5_random_adj_mat_4.txt,20
0,5,4479400.0,0.0,2.907493662653474,matrices/5_random_adj_mat_5.txt,20
0,5,4218000.0,0.0,2.907678316977325,matrices/5_random_adj_mat_6.txt,20
0,5,4620800.0,0.0,2.72738402847107,matrices/5_random_adj_mat_7.txt,20
0,5,4721900.0,15625000.0,2.1307530483783985,matrices/5_random_adj_mat_8.txt,20
0,5,4291500.0,0.0,2.616055718212318,matrices/5_random_adj_mat_9.txt,20
0,6,7648400.0,15625000.0,2.6549481998199593,matrices/6_random_adj_mat_0.txt,20
0,6,10204400.0,15625000.0,2.3857942300953416,matrices/6_random_adj_mat_1.txt,20
0,6,9348300.0,0.0,2.5826910133607814,matrices/6_random_adj_mat_2.txt,20
0,6,8414300.0,0.0,2.6244799553107248,matrices/6_random_adj_mat_3.txt,20
0,6,6756000.0,15625000.0,2.204890873346207,matrices/6_random_adj_mat_4.txt,20
0,6,5647100.0,0.0,2.1213700507683013,matrices/6_random_adj_mat_5.txt,20
0,6,7625100.0,15625000.0,1.7547496920325507,matrices/6_random_adj_mat_6.txt,20
0,6,5242100.0,0.0,1.9668510853745371,matrices/6_random_adj_mat_7.txt,20
0,6,5323300.0,15625000.0,2.4785680059775683,matrices/6_random_adj_mat_8.txt,20
0,6,7261500.0,0.0,2.442624832178839,matrices/6_random_adj_mat_9.txt,20
0,7,6608700.0,15625000.0,2.5485158336662055,matrices/7_random_adj_mat_0.txt,20
0,7,7813200.0,0.0,2.1133715738835726,matrices/7_random_adj_mat_1.txt,20
0,7,7982100.0,15625000.0,2.765538655869785,matrices/7_random_adj_mat_2.txt,20
0,7,8044500.0,0.0,2.846818037575111,matrices/7_random_adj_mat_3.txt,20
0,7,8066300.0,0.0,2.490845941532837,matrices/7_random_adj_mat_4.txt,20
0,7,7518100.0,15625000.0,2.572356446914053,matrices/7_random_adj_mat_5.txt,20
0,7,7900300.0,0.0,2.399317511596459,matrices/7_random_adj_mat_6.txt,20
0,7,7863600.0,15625000.0,2.869162661634958,matrices/7_random_adj_mat_7.txt,20
0,7,6713800.0,0.0,2.3131457844957337,matrices/7_random_adj_mat_8.txt,20
0,7,7077000.0,15625000.0,1.9213979013365257,matrices/7_random_adj_mat_9.txt,20
0,8,9464900.0,15625000.0,2.169253240672645,matrices/8_random_adj_mat_0.txt,20
0,8,10032200.0,0.0,2.617022360072963,matrices/8_random_adj_mat_1.txt,20
0,8,8766600.0,15625000.0,2.922101088853702,matrices/8_random_adj_mat_2.txt,20
0,8,9656100.0,15625000.0,2.5500304966934046,matrices/8_random_adj_mat_3.txt,20
0,8,9386200.0,0.0,2.259541309300535,matrices/8_random_adj_mat_4.txt,20
0,8,9500100.0,15625000.0,2.5947795613832856,matrices/8_random_adj_mat_5.txt,20
0,8,10123500.0,15625000.0,2.6801242091455992,matrices/8_random_adj_mat_6.txt,20
0,8,8954700.0,0.0,2.653053185766895,matrices/8_random_adj_mat_7.txt,20
0,8,10310900.0,0.0,2.9245232677730293,matrices/8_random_adj_mat_8.txt,20
0,8,8491200.0,15625000.0,2.3974053238819213,matrices/8_random_adj_mat_9.txt,20
0,9,12471600.0,15625000.0,2.761946756155129,matrices/9_random_adj_mat_0.txt,20
0,9,12225900.0,15625000.0,3.4250616930531534,matrices/9_random_adj_mat_1.txt,20
0,9,10878700.0,0.0,2.976243492945899,matrices/9_random_adj_mat_2.txt,20
0,9,12051600.0,15625000.0,2.4796224566556866,matrices/9_random_adj_mat_3.txt,20
0,9,12759000.0,15625000.0,2.7487899806456584,matrices/9_random_adj_mat_4.txt,20
0,9,13350600.0,15625000.0,2.7163262667987818,matrices/9_random_adj_mat_5.txt,20
0,9,12091700.0,15625000.0,2.8945244142259123,matrices/9_random_adj_mat_6.txt,20
0,9,11144600.0,15625000.0,3.495731383744362,matrices/9_random_adj_mat_7.txt,20
0,9,12604900.0,15625000.0,2.9485998664242388,matrices/9_random_adj_mat_8.txt,20
0,9,12513000.0,15625000.0,2.2509074693075624,matrices/9_random_adj_mat_9.txt,20
0,10,14788700.0,15625000.0,2.5606968224794606,matrices/10_random_adj_mat_0.txt,20
0,10,14723700.0,15625000.0,2.91984797950471,matrices/10_random_adj_mat_1.txt,20
0,10,14979600.0,15625000.0,3.3513203310009425,matrices/10_random_adj_mat_2.txt,20
0,10,14768800.0,15625000.0,3.297805212130009,matrices/10_random_adj_mat_3.txt,20
0,10,14288100.0,15625000.0,3.226862917991899,matrices/10_random_adj_mat_4.txt,20
0,10,15294000.0,15625000.0,2.3340510289117335,matrices/10_random_adj_mat_5.txt,20
0,10,15327100.0,15625000.0,2.8527480232166775,matrices/10_random_adj_mat_6.txt,20
0,10,16324300.0,15625000.0,2.8362240587991128,matrices/10_random_adj_mat_7.txt,20
0,10,17572700.0,15625000.0,2.9838991430561856,matrices/10_random_adj_mat_8.txt,20
0,10,12600700.0,15625000.0,2.952205928921248,matrices/10_random_adj_mat_9.txt,20
0,15,28194500.0,31250000.0,4.244902129278284,matrices/15_random_adj_mat_0.txt,20
0,15,26288500.0,31250000.0,3.9930135277560184,matrices/15_random_adj_mat_1.txt,20
0,15,26573600.0,31250000.0,3.8818728856251274,matrices/15_random_adj_mat_2.txt,20
0,15,26293400.0,15625000.0,3.5705023464691177,matrices/15_random_adj_mat_3.txt,20
0,15,28803200.0,15625000.0,3.4941316356236456,matrices/15_random_adj_mat_4.txt,20
0,15,28826900.0,15625000.0,3.9616093030998036,matrices/15_random_adj_mat_5.txt,20
0,15,25432000.0,31250000.0,3.4701096078223195,matrices/15_random_adj_mat_6.txt,20
0,15,24843800.0,31250000.0,3.256858604313993,matrices/15_random_adj_mat_7.txt,20
0,15,24409400.0,15625000.0,3.40838435540735,matrices/15_random_adj_mat_8.txt,20
0,15,27237800.0,15625000.0,3.391067121138725,matrices/15_random_adj_mat_9.txt,20
0,20,40233300.0,46875000.0,4.702455292940025,matrices/20_random_adj_mat_0.txt,20
0,20,44371200.0,46875000.0,5.8851911682764815,matrices/20_random_adj_mat_1.txt,20
0,20,42533900.0,46875000.0,5.811982659509812,matrices/20_random_adj_mat_2.txt,20
0,20,45042000.0,46875000.0,5.451335162260166,matrices/20_random_adj_mat_3.txt,20
0,20,45884100.0,46875000.0,4.970743145473403,matrices/20_random_adj_mat_4.txt,20
0,20,39880200.0,31250000.0,4.831153300473807,matrices/20_random_adj_mat_5.txt,20
0,20,44539700.0,31250000.0,5.521023629341788,matrices/20_random_adj_mat_6.txt,20
0,20,43686600.0,46875000.0,4.921195429125168,matrices/20_random_adj_mat_7.txt,20
0,20,34132000.0,46875000.0,5.6836658446862005,matrices/20_random_adj_mat_8.txt,20
0,20,35060400.0,31250000.0,4.973248641395741,matrices/20_random_adj_mat_9.txt,20
0,25,78054900.0,78125000.0,6.251747529512078,matrices/25_random_adj_mat_0.txt,20
0,25,66276600.0,46875000.0,6.2942603048315435,matrices/25_random_adj_mat_1.txt,20
0,25,66802700.0,78125000.0,5.830401607667359,matrices/25_random_adj_mat_2.txt,20
0,25,56559600.0,62500000.0,6.376923561010042,matrices/25_random_adj_mat_3.txt,20
0,25,62353000.0,62500000.0,5.959620609569376,matrices/25_random_adj_mat_4.txt,20
0,25,52567300.0,46875000.0,8.122061765710537,matrices/25_random_adj_mat_5.txt,20
0,25,59535900.0,62500000.0,5.963103225805021,matrices/25_random_adj_mat_6.txt,20
0,25,51784100.0,46875000.0,6.821523126560811,matrices/25_random_adj_mat_7.txt,20
0,25,63341200.0,78125000.0,6.439761769788333,matrices/25_random_adj_mat_8.txt,20
0,25,62853000.0,62500000.0,6.601395381187602,matrices/25_random_adj_mat_9.txt,20
0,30,78432500.0,78125000.0,7.756204432739077,matrices/30_random_adj_mat_0.txt,20
0,30,78540000.0,78125000.0,8.052137832063258,matrices/30_random_adj_mat_1.txt,20
0,30,83531600.0,78125000.0,8.224525818586237,matrices/30_random_adj_mat_2.txt,20
0,30,73364000.0,78125000.0,7.4562055491079935,matrices/30_random_adj_mat_3.txt,20
0,30,80650600.0,78125000.0,7.444848850652378,matrices/30_random_adj_mat_4.txt,20
0,30,69278900.0,78125000.0,8.27732701515991,matrices/30_random_adj_mat_5.txt,20
0,30,73538300.0,78125000.0,7.401666069929649,matrices/30_random_adj_mat_6.txt,20
0,30,81446200.0,78125000.0,8.026698570974212,matrices/30_random_adj_mat_7.txt,20
0,30,79963000.0,78125000.0,8.309445674794118,matrices/30_random_adj_mat_8.txt,20
0,30,80320600.0,93750000.0,7.192384888985635,matrices/30_random_adj_mat_9.txt,20
0,30,77385100.0,78125000.0,8.247911365002608,matrices/30_random_adj_mat_0.txt,20
0,30,88835300.0,78125000.0,8.075430491883516,matrices/30_random_adj_mat_1.txt,20
0,30,76565400.0,78125000.0,7.745018660247098,matrices/30_random_adj_mat_2.txt,20
0,30,74503800.0,78125000.0,8.225411978632327,matrices/30_random_adj_mat_3.txt,20
0,30,85364300.0,93750000.0,7.568969576468216,matrices/30_random_adj_mat_4.txt,20
0,30,67869600.0,62500000.0,8.022838229442595,matrices/30_random_adj_mat_5.txt,20
0,30,75757700.0,78125000.0,7.885408982760398,matrices/30_random_adj_mat_6.txt,20
0,30,83136400.0,93750000.0,8.676951930007299,matrices/30_random_adj_mat_7.txt,20
0,30,75276400.0,62500000.0,7.8470454836527415,matrices/30_random_adj_mat_8.txt,20
0,30,72381500.0,62500000.0,7.657527999402021,matrices/30_random_adj_mat_9.txt,20
0,40,131064600.0,140625000.0,12.626447272518748,matrices/40_random_adj_mat_0.txt,20
0,40,123063200.0,125000000.0,10.563680963197566,matrices/40_random_adj_mat_1.txt,20
0,40,122110600.0,125000000.0,11.722491445687947,matrices/40_random_adj_mat_2.txt,20
0,40,125380700.0,125000000.0,11.054193466405376,matrices/40_random_adj_mat_3.txt,20
0,40,127052000.0,125000000.0,10.5589080772169,matrices/40_random_adj_mat_4.txt,20
0,40,120149800.0,125000000.0,11.379141573398117,matrices/40_random_adj_mat_5.txt,20
0,40,131656900.0,125000000.0,10.23626430771037,matrices/40_random_adj_mat_6.txt,20
0,40,117609700.0,125000000.0,10.651238842299124,matrices/40_random_adj_mat_7.txt,20
0,40,129744100.0,125000000.0,10.45633765508122,matrices/40_random_adj_mat_8.txt,20
0,40,122071800.0,109375000.0,11.617757816113677,matrices/40_random_adj_mat_9.txt,20
0,50,180208500.0,187500000.0,14.243664602210941,matrices/50_random_adj_mat_0.txt,20
0,50,187385300.0,187500000.0,12.70708730334209,matrices/50_random_adj_mat_1.txt,20
0,50,173861400.0,171875000.0,11.610084686385965,matrices/50_random_adj_mat_2.txt,20
0,50,177084400.0,171875000.0,12.93441149067418,matrices/50_random_adj_mat_3.txt,20
0,50,196045200.0,171875000.0,13.416367462222864,matrices/50_random_adj_mat_4.txt,20
0,50,176727000.0,187500000.0,13.639958077770691,matrices/50_random_adj_mat_5.txt,20
0,50,177162900.0,171875000.0,13.220219507015427,matrices/50_random_adj_mat_6.txt,20
0,50,189417000.0,187500000.0,13.338466002844415,matrices/50_random_adj_mat_7.txt,20
0,50,188366100.0,187500000.0,13.328572794267888,matrices/50_random_adj_mat_8.txt,20
0,50,200652200.0,203125000.0,12.82447204606337,matrices/50_random_adj_mat_9.txt,20
0,5,10436200.0,0.0,2.249612736828632,matrices/5_random_adj_mat_0.txt,50
0,5,9387700.0,15625000.0,2.4324100724478357,matrices/5_random_adj_mat_1.txt,50
0,5,8877900.0,15625000.0,2.092769076252572,matrices/5_random_adj_mat_2.txt,50
0,5,8955000.0,0.0,1.730408540073093,matrices/5_random_adj_mat_3.txt,50
0,5,10577800.0,15625000.0,1.8381227481602793,matrices/5_random_adj_mat_4.txt,50
0,5,10525100.0,15625000.0,2.907493662653474,matrices/5_random_adj_mat_5.txt,50
0,5,10144300.0,15625000.0,2.9076783169773255,matrices/5_random_adj_mat_6.txt,50
0,5,11183100.0,0.0,2.72738402847107,matrices/5_random_adj_mat_7.txt,50
0,5,9463600.0,0.0,2.1307530483783985,matrices/5_random_adj_mat_8.txt,50
0,5,8621100.0,15625000.0,2.616055718212318,matrices/5_random_adj_mat_9.txt,50
0,6,11974400.0,15625000.0,2.6549481998199593,matrices/6_random_adj_mat_0.txt,50
0,6,15043400.0,15625000.0,2.3857942300953416,matrices/6_random_adj_mat_1.txt,50
0,6,19925200.0,0.0,2.5826910133607814,matrices/6_random_adj_mat_2.txt,50
0,6,17557900.0,15625000.0,2.6244799553107248,matrices/6_random_adj_mat_3.txt,50
0,6,18182500.0,31250000.0,2.204890873346207,matrices/6_random_adj_mat_4.txt,50
0,6,12901700.0,15625000.0,2.1213700507683013,matrices/6_random_adj_mat_5.txt,50
0,6,12435900.0,0.0,1.7547496920325507,matrices/6_random_adj_mat_6.txt,50
0,6,12733300.0,0.0,1.9668510853745371,matrices/6_random_adj_mat_7.txt,50
0,6,12127600.0,15625000.0,2.4785680059775683,matrices/6_random_adj_mat_8.txt,50
0,6,14874800.0,15625000.0,2.442624832178839,matrices/6_random_adj_mat_9.txt,50
0,7,21522900.0,31250000.0,2.5485158336662055,matrices/7_random_adj_mat_0.txt,50
0,7,20967300.0,15625000.0,2.1133715738835726,matrices/7_random_adj_mat_1.txt,50
0,7,20664800.0,31250000.0,2.765538655869785,matrices/7_random_adj_mat_2.txt,50
0,7,16753100.0,15625000.0,2.846818037575111,matrices/7_random_adj_mat_3.txt,50
0,7,19685600.0,15625000.0,2.490845941532837,matrices/7_random_adj_mat_4.txt,50
0,7,18649400.0,15625000.0,2.5723564469140525,matrices/7_random_adj_mat_5.txt,50
0,7,19677500.0,15625000.0,2.399317511596459,matrices/7_random_adj_mat_6.txt,50
0,7,19999400.0,15625000.0,2.8691626616349586,matrices/7_random_adj_mat_7.txt,50
0,7,17626200.0,15625000.0,2.3131457844957337,matrices/7_random_adj_mat_8.txt,50
0,7,18596700.0,31250000.0,1.9213979013365257,matrices/7_random_adj_mat_9.txt,50
0,8,27394900.0,31250000.0,2.1692532406726444,matrices/8_random_adj_mat_0.txt,50
0,8,26550900.0,15625000.0,2.617022360072963,matrices/8_random_adj_mat_1.txt,50
0,8,27878000.0,31250000.0,2.922101088853702,matrices/8_random_adj_mat_2.txt,50
0,8,30644700.0,31250000.0,2.5500304966934046,matrices/8_random_adj_mat_3.txt,50
0,8,25053500.0,31250000.0,2.2595413093005345,matrices/8_random_adj_mat_4.txt,50
0,8,24238900.0,31250000.0,2.5947795613832856,matrices/8_random_adj_mat_5.txt,50
0,8,27056100.0,15625000.0,2.6801242091455992,matrices/8_random_adj_mat_6.txt,50
0,8,29770300.0,15625000.0,2.653053185766895,matrices/8_random_adj_mat_7.txt,50
0,8,25412000.0,15625000.0,2.9245232677730293,matrices/8_random_adj_mat_8.txt,50
0,8,27777400.0,31250000.0,2.3974053238819213,matrices/8_random_adj_mat_9.txt,50
0,9,37403300.0,46875000.0,2.761946756155129,matrices/9_random_adj_mat_0.txt,50
0,9,33960400.0,31250000.0,3.4250616930531534,matrices/9_random_adj_mat_1.txt,50
0,9,31956200.0,31250000.0,2.976243492945899,matrices/9_random_adj_mat_2.txt,50
0,9,33968600.0,31250000.0,2.4796224566556866,matrices/9_random_adj_mat_3.txt,50
0,9,34797000.0,46875000.0,2.748789980645658,matrices/9_random_adj_mat_4.txt,50
0,9,38661400.0,31250000.0,2.7163262667987813,matrices/9_random_adj_mat_5.txt,50
0,9,31454700.0,31250000.0,2.8945244142259123,matrices/9_random_adj_mat_6.txt,50
0,9,28682600.0,31250000.0,3.4309257711030487,matrices/9_random_adj_mat_7.txt,50
0,9,32916600.0,31250000.0,2.9485998664242383,matrices/9_random_adj_mat_8.txt,50
0,9,42426000.0,31250000.0,2.2509074693075624,matrices/9_random_adj_mat_9.txt,50
0,10,39224900.0,46875000.0,2.426402243497891,matrices/10_random_adj_mat_0.txt,50
0,10,38607100.0,31250000.0,2.9198479795047105,matrices/10_random_adj_mat_1.txt,50
0,10,41391500.0,31250000.0,3.351320331000942,matrices/10_random_adj_mat_2.txt,50
0,10,47500600.0,46875000.0,3.2978052121300085,matrices/10_random_adj_mat_3.txt,50
0,10,41391800.0,46875000.0,3.226862917991899,matrices/10_random_adj_mat_4.txt,50
0,10,42868400.0,46875000.0,2.3340510289117335,matrices/10_random_adj_mat_5.txt,50
0,10,48211600.0,46875000.0,2.8527480232166775,matrices/10_random_adj_mat_6.txt,50
0,10,45262700.0,46875000.0,2.836224058799113,matrices/10_random_adj_mat_7.txt,50
0,10,39477900.0,46875000.0,2.9838991430561856,matrices/10_random_adj_mat_8.txt,50
0,10,43449100.0,46875000.0,2.828184716381501,matrices/10_random_adj_mat_9.txt,50
0,15,91007400.0,93750000.0,3.789866729993998,matrices/15_random_adj_mat_0.txt,50
0,15,86872600.0,78125000.0,3.2927732135176573,matrices/15_random_adj_mat_1.txt,50
0,15,87611000.0,93750000.0,3.5270007811878443,matrices/15_random_adj_mat_2.txt,50
0,15,91612400.0,93750000.0,3.378179703697804,matrices/15_random_adj_mat_3.txt,50
0,15,93890200.0,93750000.0,3.118158107507727,matrices/15_random_adj_mat_4.txt,50
0,15,91392800.0,78125000.0,3.2357632585905294,matrices/15_random_adj_mat_5.txt,50
0,15,79006900.0,78125000.0,3.04073081915953,matrices/15_random_adj_mat_6.txt,50
0,15,97494100.0,93750000.0,3.0981129097070603,matrices/15_random_adj_mat_7.txt,50
0,15,87238400.0,78125000.0,2.8507736718829975,matrices/15_random_adj_mat_8.txt,50
0,15,84595500.0,93750000.0,3.4625394267365257,matrices/15_random_adj_mat_9.txt,50
0,20,138536000.0,140625000.0,4.450506356819379,matrices/20_random_adj_mat_0.txt,50
0,20,128242500.0,125000000.0,5.150510741625241,matrices/20_random_adj_mat_1.txt,50
0,20,152130200.0,156250000.0,4.699450732625513,matrices/20_random_adj_mat_2.txt,50
0,20,149580400.0,156250000.0,4.348872208795467,matrices/20_random_adj_mat_3.txt,50
0,20,157356200.0,156250000.0,4.559649621502803,matrices/20_random_adj_mat_4.txt,50
0,20,148662400.0,140625000.0,4.2498694344438315,matrices/20_random_adj_mat_5.txt,50
0,20,155553200.0,156250000.0,3.944171869119295,matrices/20_random_adj_mat_6.txt,50
0,20,140937900.0,140625000.0,4.05383104127494,matrices/20_random_adj_mat_7.txt,50
0,20,136974400.0,125000000.0,5.036914369392983,matrices/20_random_adj_mat_8.txt,50
0,20,129093100.0,140625000.0,4.602424733933229,matrices/20_random_adj_mat_9.txt,50
0,25,217113700.0,218750000.0,5.085344960255295,matrices/25_random_adj_mat_0.txt,50
0,25,217129300.0,218750000.0,5.287383019347796,matrices/25_random_adj_mat_1.txt,50
0,25,231396500.0,234375000.0,4.7193445688555835,matrices/25_random_adj_mat_2.txt,50
0,25,216072100.0,218750000.0,5.618694856493601,matrices/25_random_adj_mat_3.txt,50
0,25,223187600.0,218750000.0,5.40249238644396,matrices/25_random_adj_mat_4.txt,50
0,25,238570900.0,234375000.0,6.095529655084551,matrices/25_random_adj_mat_5.txt,50
0,25,256528700.0,265625000.0,4.3216152511774615,matrices/25_random_adj_mat_6.txt,50
0,25,210342000.0,203125000.0,6.223150263598732,matrices/25_random_adj_mat_7.txt,50
0,25,214727600.0,203125000.0,5.7908818148515095,matrices/25_random_adj_mat_8.txt,50
0,25,222581900.0,234375000.0,5.172969876614411,matrices/25_random_adj_mat_9.txt,50
0,30,298653400.0,296875000.0,6.523857260248957,matrices/30_random_adj_mat_0.txt,50
0,30,284942900.0,281250000.0,6.0306250623790625,matrices/30_random_adj_mat_1.txt,50
0,30,247318100.0,250000000.0,7.334696176543515,matrices/30_random_adj_mat_2.txt,50
0,30,287906600.0,296875000.0,6.04736076107243,matrices/30_random_adj_mat_3.txt,50
0,30,302146700.0,296875000.0,6.644976446201388,matrices/30_random_adj_mat_4.txt,50
0,30,271731000.0,281250000.0,7.270110732958085,matrices/30_random_adj_mat_5.txt,50
0,30,278212000.0,281250000.0,6.60771558103417,matrices/30_random_adj_mat_6.txt,50
0,30,280045100.0,281250000.0,6.904387879434417,matrices/30_random_adj_mat_7.txt,50
0,30,293875000.0,296875000.0,6.524692962825004,matrices/30_random_adj_mat_8.txt,50
0,30,289651200.0,281250000.0,6.083237439696732,matrices/30_random_adj_mat_9.txt,50
0,30,304881500.0,312500000.0,6.960357632418995,matrices/30_random_adj_mat_0.txt,50
0,30,302501100.0,296875000.0,6.602312320121355,matrices/30_random_adj_mat_1.txt,50
0,30,275221000.0,281250000.0,6.982092540458462,matrices/30_random_adj_mat_2.txt,50
0,30,301304700.0,296875000.0,6.8283428983331955,matrices/30_random_adj_mat_3.txt,50
0,30,291191300.0,296875000.0,6.914764521990315,matrices/30_random_adj_mat_4.txt,50
0,30,280426400.0,281250000.0,7.046611195309656,matrices/30_random_adj_mat_5.txt,50
0,30,274504600.0,281250000.0,6.324152364375713,matrices/30_random_adj_mat_6.txt,50
0,30,312919700.0,312500000.0,6.260455712622874,matrices/30_random_adj_mat_7.txt,50
0,30,293276400.0,296875000.0,7.395476250335591,matrices/30_random_adj_mat_8.txt,50
0,30,296762700.0,296875000.0,5.616222556666631,matrices/30_random_adj_mat_9.txt,50
0,40,490368600.0,484375000.0,8.879974926136216,matrices/40_random_adj_mat_0.txt,50
0,40,528049200.0,515625000.0,8.96068714410851,matrices/40_random_adj_mat_1.txt,50
0,40,517012800.0,515625000.0,8.530919131204746,matrices/40_random_adj_mat_2.txt,50
0,40,500519100.0,500000000.0,8.41167791377444,matrices/40_random_adj_mat_3.txt,50
0,40,496875400.0,500000000.0,8.462415307788204,matrices/40_random_adj_mat_4.txt,50
0,40,478129100.0,468750000.0,8.946716298661396,matrices/40_random_adj_mat_5.txt,50
0,40,517017300.0,515625000.0,8.192630634175213,matrices/40_random_adj_mat_6.txt,50
0,40,475230000.0,468750000.0,8.374438034816693,matrices/40_random_adj_mat_7.txt,50
0,40,448964900.0,453125000.0,8.413699798871892,matrices/40_random_adj_mat_8.txt,50
0,40,478967700.0,484375000.0,8.924917006697635,matrices/40_random_adj_mat_9.txt,50
0,50,707114700.0,703125000.0,10.59369386463956,matrices/50_random_adj_mat_0.txt,50
0,50,762781100.0,750000000.0,10.80575493408712,matrices/50_random_adj_mat_1.txt,50
0,50,740188100.0,718750000.0,10.14795165073469,matrices/50_random_adj_mat_2.txt,50
0,50,700500300.0,703125000.0,10.607182955902415,matrices/50_random_adj_mat_3.txt,50
0,50,743988700.0,750000000.0,9.788208652371283,matrices/50_random_adj_mat_4.txt,50
0,50,703684300.0,703125000.0,11.57959845515446,matrices/50_random_adj_mat_5.txt,50
0,50,704502300.0,687500000.0,11.179302431265123,matrices/50_random_adj_mat_6.txt,50
0,50,725068000.0,734375000.0,10.577314614205434,matrices/50_random_adj_mat_7.txt,50
0,50,719695500.0,718750000.0,10.406041292678806,matrices/50_random_adj_mat_8.txt,50
0,50,743070100.0,718750000.0,9.758417064856724,matrices/50_random_adj_mat_9.txt,50