,n,avg_real,avg_cpu,med_cost,matrix,alpha
0,5,3325632.0,3750000.0,2.7546850138395835,matrices/5_random_adj_mat_0.txt,1
0,5,3753152.0,3125000.0,2.6971296426197466,matrices/5_random_adj_mat_1.txt,1
0,5,3409096.0,3750000.0,3.4957162473076657,matrices/5_random_adj_mat_2.txt,1
0,5,3176868.0,3125000.0,2.6343003607169155,matrices/5_random_adj_mat_3.txt,1
0,5,3133596.0,3125000.0,2.079646775069092,matrices/5_random_adj_mat_4.txt,1
0,5,3170372.0,3125000.0,3.3784736225941376,matrices/5_random_adj_mat_5.txt,1
0,5,3124900.0,3125000.0,3.3168358705695224,matrices/5_random_adj_mat_6.txt,1
0,5,3157036.0,3125000.0,3.6416613247805927,matrices/5_random_adj_mat_7.txt,1
0,5,3135080.0,3125000.0,2.6113667758093695,matrices/5_random_adj_mat_8.txt,1
0,5,3120648.0,3750000.0,2.7874136273179326,matrices/5_random_adj_mat_9.txt,1
0,6,3471924.0,3125000.0,3.2693689985082584,matrices/6_random_adj_mat_0.txt,1
0,6,3999752.0,4375000.0,3.8004450886293633,matrices/6_random_adj_mat_1.txt,1
0,6,3360844.0,3125000.0,3.9758435106047068,matrices/6_random_adj_mat_2.txt,1
0,6,3314260.0,3750000.0,3.3135473507650106,matrices/6_random_adj_mat_3.txt,1
0,6,3338092.0,3125000.0,3.4335643762188224,matrices/6_random_adj_mat_4.txt,1
0,6,3320228.0,3125000.0,3.2200792582412263,matrices/6_random_adj_mat_5.txt,1
0,6,3367464.0,3125000.0,2.3253480256609396,matrices/6_random_adj_mat_6.txt,1
0,6,3304496.0,3125000.0,2.840364539101601,matrices/6_random_adj_mat_7.txt,1
0,6,3313740.0,3750000.0,3.494890994750137,matrices/6_random_adj_mat_8.txt,1
0,6,3292544.0,3125000.0,2.960306732021889,matrices/6_random_adj_mat_9.txt,1
0,7,3444908.0,3750000.0,4.003088045058431,matrices/7_random_adj_mat_0.txt,1
0,7,3875512.0,3750000.0,3.365023277632465,matrices/7_random_adj_mat_1.txt,1
0,7,3474116.0,3750000.0,3.8166826976183694,matrices/7_random_adj_mat_2.txt,1
0,7,3524460.0,3125000.0,4.154029431717943,matrices/7_random_adj_mat_3.txt,1
0,7,3480064.0,3125000.0,3.8256016361221654,matrices/7_random_adj_mat_4.txt,1
0,7,3461168.0,3750000.0,4.200589981284088,matrices/7_random_adj_mat_5.txt,1
0,7,3459980.0,3125000.0,2.984578177799067,matrices/7_random_adj_mat_6.txt,1
0,7,3482784.0,3125000.0,3.8789463872659113,matrices/7_random_adj_mat_7.txt,1
0,7,3568404.0,3750000.0,3.669140583607544,matrices/7_random_adj_mat_8.txt,1
0,7,4343352.0,3750000.0,2.7384908572236255,matrices/7_random_adj_mat_9.txt,1
0,8,3947148.0,3750000.0,3.1672965192133002,matrices/8_random_adj_mat_0.txt,1
0,8,3702708.0,3750000.0,3.798609255761379,matrices/8_random_adj_mat_1.txt,1
0,8,3610692.0,3125000.0,4.242574923201607,matrices/8_random_adj_mat_2.txt,1
0,8,3643760.0,3750000.0,3.9384973128021032,matrices/8_random_adj_mat_3.txt,1
0,8,3596676.0,3750000.0,3.123417281078683,matrices/8_random_adj_mat_4.txt,1
0,8,3648576.0,3750000.0,3.572007857710522,matrices/8_random_adj_mat_5.txt,1
0,8,3629124.0,3750000.0,3.8719750017876002,matrices/8_random_adj_mat_6.txt,1
0,8,3630196.0,3750000.0,4.1510975706365265,matrices/8_random_adj_mat_7.txt,1
0,8,3604008.0,3750000.0,4.545878105405977,matrices/8_random_adj_mat_8.txt,1
0,8,3623628.0,3750000.0,3.463924033958472,matrices/8_random_adj_mat_9.txt,1
0,9,3840628.0,3750000.0,5.13465388810148,matrices/9_random_adj_mat_0.txt,1
0,9,3867064.0,3750000.0,5.74789147783158,matrices/9_random_adj_mat_1.txt,1
0,9,3885380.0,3750000.0,4.415106611852364,matrices/9_random_adj_mat_2.txt,1
0,9,3822716.0,3750000.0,3.5246417148350777,matrices/9_random_adj_mat_3.txt,1
0,9,3795480.0,3750000.0,4.337999152513864,matrices/9_random_adj_mat_4.txt,1
0,9,4171008.0,4375000.0,5.889040280427395,matrices/9_random_adj_mat_5.txt,1
0,9,3842884.0,3750000.0,4.974349423538129,matrices/9_random_adj_mat_6.txt,1
0,9,3845652.0,3750000.0,5.279193584843153,matrices/9_random_adj_mat_7.txt,1
0,9,3860280.0,3750000.0,5.106252950926441,matrices/9_random_adj_mat_8.txt,1
0,9,3794960.0,4375000.0,4.003063000341981,matrices/9_random_adj_mat_9.txt,1
0,10,4100344.0,3750000.0,4.54795408979456,matrices/10_random_adj_mat_0.txt,1
0,10,4111244.0,4375000.0,5.007015638015671,matrices/10_random_adj_mat_1.txt,1
0,10,4016380.0,3750000.0,6.362377692196809,matrices/10_random_adj_mat_2.txt,1
0,10,4106516.0,3750000.0,5.923855286686353,matrices/10_random_adj_mat_3.txt,1
0,10,4311208.0,4375000.0,6.203564567270081,matrices/10_random_adj_mat_4.txt,1
0,10,4178504.0,4375000.0,4.52784549436223,matrices/10_random_adj_mat_5.txt,1
0,10,4143804.0,4375000.0,5.333622960888331,matrices/10_random_adj_mat_6.txt,1
0,10,4162624.0,3750000.0,5.536677589085778,matrices/10_random_adj_mat_7.txt,1
0,10,4173828.0,3750000.0,6.4219561392767215,matrices/10_random_adj_mat_8.txt,1
0,10,4299152.0,4375000.0,5.403169337306775,matrices/10_random_adj_mat_9.txt,1
0,15,5218876.0,5625000.0,8.585612143405275,matrices/15_random_adj_mat_0.txt,1
0,15,7996288.0,6250000.0,7.475150291706356,matrices/15_random_adj_mat_1.txt,1
0,15,5234644.0,5000000.0,7.72175334942001,matrices/15_random_adj_mat_2.txt,1
0,15,4958800.0,5000000.0,7.82379465993388,matrices/15_random_adj_mat_3.txt,1
0,15,5003848.0,5000000.0,7.968129051374182,matrices/15_random_adj_mat_4.txt,1
0,15,5040548.0,5000000.0,7.318031024121981,matrices/15_random_adj_mat_5.txt,1
0,15,4980772.0,5000000.0,6.243455482459826,matrices/15_random_adj_mat_6.txt,1
0,15,5047100.0,5000000.0,6.639719426548403,matrices/15_random_adj_mat_7.txt,1
0,15,5014672.0,5000000.0,7.236826956143076,matrices/15_random_adj_mat_8.txt,1
0,15,5022404.0,5000000.0,7.314033195890846,matrices/15_random_adj_mat_9.txt,1
0,20,6162644.0,5625000.0,8.67054034026913,matrices/20_random_adj_mat_0.txt,1
0,20,6060748.0,6250000.0,10.71724595021465,matrices/20_random_adj_mat_1.txt,1
0,20,6172816.0,6250000.0,11.671071226620759,matrices/20_random_adj_mat_2.txt,1
0,20,6125060.0,6250000.0,10.076859580989574,matrices/20_random_adj_mat_3.txt,1
0,20,6062704.0,6250000.0,11.430182842325749,matrices/20_random_adj_mat_4.txt,1
0,20,6029580.0,5625000.0,9.220517744596949,matrices/20_random_adj_mat_5.txt,1
0,20,6060016.0,6250000.0,11.2897417670393,matrices/20_random_adj_mat_6.txt,1
0,20,6030356.0,5625000.0,9.535210635095943,matrices/20_random_adj_mat_7.txt,1
0,20,6319652.0,5625000.0,10.801697740243219,matrices/20_random_adj_mat_8.txt,1
0,20,6077976.0,6250000.0,9.756402176238092,matrices/20_random_adj_mat_9.txt,1
0,25,7065464.0,6875000.0,12.824407811045575,matrices/25_random_adj_mat_0.txt,1
0,25,7135472.0,7500000.0,12.801472318618366,matrices/25_random_adj_mat_1.txt,1
0,25,7617464.0,7500000.0,12.942022734315032,matrices/25_random_adj_mat_2.txt,1
0,25,7368804.0,6875000.0,13.513273827926618,matrices/25_random_adj_mat_3.txt,1
0,25,7167676.0,7500000.0,13.247372738340669,matrices/25_random_adj_mat_4.txt,1
0,25,7162196.0,6875000.0,15.518228896492205,matrices/25_random_adj_mat_5.txt,1
0,25,7153368.0,7500000.0,11.830105814382046,matrices/25_random_adj_mat_6.txt,1
0,25,8009916.0,8125000.0,12.401304125069123,matrices/25_random_adj_mat_7.txt,1
0,25,7156712.0,6875000.0,13.456203112523019,matrices/25_random_adj_mat_8.txt,1
0,25,6997928.0,7500000.0,13.500542273784292,matrices/25_random_adj_mat_9.txt,1
0,30,8110704.0,8125000.0,16.030098546689334,matrices/30_random_adj_mat_0.txt,1
0,30,7967248.0,7500000.0,15.71043668183249,matrices/30_random_adj_mat_1.txt,1
0,30,7864764.0,8125000.0,15.489736305118706,matrices/30_random_adj_mat_2.txt,1
0,30,7909176.0,8125000.0,15.800887704564806,matrices/30_random_adj_mat_3.txt,1
0,30,7923672.0,8125000.0,16.082813583509875,matrices/30_random_adj_mat_4.txt,1
0,30,7903660.0,7500000.0,16.635243763403157,matrices/30_random_adj_mat_5.txt,1
0,30,7991732.0,8125000.0,15.200509341613463,matrices/30_random_adj_mat_6.txt,1
0,30,7883640.0,8125000.0,16.142187607448406,matrices/30_random_adj_mat_7.txt,1
0,30,7881564.0,8125000.0,16.325339510213748,matrices/30_random_adj_mat_8.txt,1
0,30,7853460.0,7500000.0,14.646410001075937,matrices/30_random_adj_mat_9.txt,1
0,30,7866696.0,8125000.0,16.143604691973895,matrices/30_random_adj_mat_0.txt,1
0,30,7839408.0,8125000.0,15.918254508303237,matrices/30_random_adj_mat_1.txt,1
0,30,7923816.0,7500000.0,15.917475726105453,matrices/30_random_adj_mat_2.txt,1
0,30,7930680.0,8125000.0,15.95782308410382,matrices/30_random_adj_mat_3.txt,1
0,30,7846712.0,8125000.0,15.770862331858096,matrices/30_random_adj_mat_4.txt,1
0,30,7900944.0,8125000.0,15.929194910916449,matrices/30_random_adj_mat_5.txt,1
0,30,7928612.0,7500000.0,15.519329394099106,matrices/30_random_adj_mat_6.txt,1
0,30,7875420.0,8125000.0,16.64556174176432,matrices/30_random_adj_mat_7.txt,1
0,30,8009516.0,8125000.0,16.244708565423487,matrices/30_random_adj_mat_8.txt,1
0,30,7942104.0,7500000.0,14.426932999347192,matrices/30_random_adj_mat_9.txt,1
0,40,9944632.0,10000000.0,22.36946005145363,matrices/40_random_adj_mat_0.txt,1
0,40,10054028.0,10000000.0,21.141317976728644,matrices/40_random_adj_mat_1.txt,1
0,40,10023140.0,10000000.0,21.621558318231184,matrices/40_random_adj_mat_2.txt,1
0,40,10004944.0,10000000.0,20.545832755597214,matrices/40_random_adj_mat_3.txt,1
0,40,9940396.0,10000000.0,19.785747504207272,matrices/40_random_adj_mat_4.txt,1
0,40,10063828.0,10625000.0,20.84869076267178,matrices/40_random_adj_mat_5.txt,1
0,40,10014536.0,10000000.0,19.107855628322095,matrices/40_random_adj_mat_6.txt,1
0,40,10009520.0,10000000.0,20.905547436787156,matrices/40_random_adj_mat_7.txt,1
0,40,9938104.0,10000000.0,21.814822837320857,matrices/40_random_adj_mat_8.txt,1
0,40,10217548.0,10000000.0,22.88070165205779,matrices/40_random_adj_mat_9.txt,1
0,50,13394552.0,13750000.0,27.254772207565917,matrices/50_random_adj_mat_0.txt,1
0,50,12830992.0,12500000.0,24.500244159671574,matrices/50_random_adj_mat_1.txt,1
0,50,12143732.0,12500000.0,23.46603217926328,matrices/50_random_adj_mat_2.txt,1
0,50,12100364.0,11875000.0,23.884197507200934,matrices/50_random_adj_mat_3.txt,1
0,50,12020380.0,12500000.0,27.453217835719386,matrices/50_random_adj_mat_4.txt,1
0,50,12069560.0,11875000.0,25.7822129309617,matrices/50_random_adj_mat_5.txt,1
0,50,12014968.0,11875000.0,26.23928247805381,matrices/50_random_adj_mat_6.txt,1
0,50,12008996.0,11875000.0,27.959095474277003,matrices/50_random_adj_mat_7.txt,1
0,50,11894304.0,11875000.0,26.175314744786142,matrices/50_random_adj_mat_8.txt,1
0,50,11955692.0,11875000.0,24.4724345543902,matrices/50_random_adj_mat_9.txt,1
0,5,3369892.0,3125000.0,2.2496127368286323,matrices/5_random_adj_mat_0.txt,0.97
0,5,3771256.0,3750000.0,2.4324100724478357,matrices/5_random_adj_mat_1.txt,0.97
0,5,3124220.0,3125000.0,2.092769076252572,matrices/5_random_adj_mat_2.txt,0.97
0,5,3152820.0,3125000.0,1.730408540073093,matrices/5_random_adj_mat_3.txt,0.97
0,5,3106712.0,3125000.0,1.8381227481602795,matrices/5_random_adj_mat_4.txt,0.97
0,5,3133756.0,2500000.0,2.907493662653474,matrices/5_random_adj_mat_5.txt,0.97
0,5,3112448.0,3125000.0,2.9076783169773255,matrices/5_random_adj_mat_6.txt,0.97
0,5,3148288.0,3125000.0,2.7273840284710706,matrices/5_random_adj_mat_7.txt,0.97
0,5,3171404.0,3125000.0,2.1307530483783985,matrices/5_random_adj_mat_8.txt,0.97
0,5,3164008.0,3125000.0,2.616055718212318,matrices/5_random_adj_mat_9.txt,0.97
0,6,3357636.0,3750000.0,2.6603705791553898,matrices/6_random_adj_mat_0.txt,0.97
0,6,3423456.0,3125000.0,2.385794230095342,matrices/6_random_adj_mat_1.txt,0.97
0,6,3350584.0,3750000.0,2.582691013360782,matrices/6_random_adj_mat_2.txt,0.97
0,6,3361016.0,3125000.0,2.624479955310725,matrices/6_random_adj_mat_3.txt,0.97
0,6,3372732.0,3750000.0,2.204890873346207,matrices/6_random_adj_mat_4.txt,0.97
0,6,3355252.0,3125000.0,2.1213700507683013,matrices/6_random_adj_mat_5.txt,0.97
0,6,3358120.0,3750000.0,1.754749692032551,matrices/6_random_adj_mat_6.txt,0.97
0,6,3369952.0,3125000.0,1.9668510853745373,matrices/6_random_adj_mat_7.txt,0.97
0,6,3366784.0,3125000.0,2.4785680059775688,matrices/6_random_adj_mat_8.txt,0.97
0,6,3406932.0,3125000.0,2.4426248321788395,matrices/6_random_adj_mat_9.txt,0.97
0,7,3545896.0,3750000.0,2.548515833666206,matrices/7_random_adj_mat_0.txt,0.97
0,7,3476876.0,3750000.0,2.1138150373113045,matrices/7_random_adj_mat_1.txt,0.97
0,7,3508624.0,3125000.0,2.7655386558697854,matrices/7_random_adj_mat_2.txt,0.97
0,7,3532544.0,3750000.0,2.846818037575111,matrices/7_random_adj_mat_3.txt,0.97
0,7,3534700.0,3750000.0,2.490845941532837,matrices/7_random_adj_mat_4.txt,0.97
0,7,3510148.0,3125000.0,2.572356446914053,matrices/7_random_adj_mat_5.txt,0.97
0,7,3589004.0,3750000.0,2.3993175115964593,matrices/7_random_adj_mat_6.txt,0.97
0,7,3556536.0,3750000.0,2.9150211715806713,matrices/7_random_adj_mat_7.txt,0.97
0,7,3531184.0,3750000.0,2.313145784495734,matrices/7_random_adj_mat_8.txt,0.97
0,7,3543412.0,3750000.0,1.9213979013365259,matrices/7_random_adj_mat_9.txt,0.97
0,8,3806596.0,3750000.0,2.1692532406726452,matrices/8_random_adj_mat_0.txt,0.97
0,8,3744844.0,3750000.0,2.648050301666325,matrices/8_random_adj_mat_1.txt,0.97
0,8,3697676.0,3750000.0,2.9682104454840634,matrices/8_random_adj_mat_2.txt,0.97
0,8,3732480.0,3750000.0,2.550030496693405,matrices/8_random_adj_mat_3.txt,0.97
0,8,3790880.0,3750000.0,2.2756674538241,matrices/8_random_adj_mat_4.txt,0.97
0,8,3682792.0,3750000.0,2.5947795613832856,matrices/8_random_adj_mat_5.txt,0.97
0,8,4246432.0,4375000.0,2.6801242091455997,matrices/8_random_adj_mat_6.txt,0.97
0,8,4622488.0,5000000.0,2.6741333665017577,matrices/8_random_adj_mat_7.txt,0.97
0,8,3753640.0,3750000.0,2.9495958253145265,matrices/8_random_adj_mat_8.txt,0.97
0,8,3700480.0,3750000.0,2.443168366398477,matrices/8_random_adj_mat_9.txt,0.97
0,9,4085920.0,3750000.0,2.7960053926201898,matrices/9_random_adj_mat_0.txt,0.97
0,9,3929376.0,3750000.0,3.425061693053154,matrices/9_random_adj_mat_1.txt,0.97
0,9,3904592.0,3750000.0,3.062563078754238,matrices/9_random_adj_mat_2.txt,0.97
0,9,3919656.0,4375000.0,2.5079300159901856,matrices/9_random_adj_mat_3.txt,0.97
0,9,3908848.0,3750000.0,2.7523194761305927,matrices/9_random_adj_mat_4.txt,0.97
0,9,3970676.0,3750000.0,2.735829266110626,matrices/9_random_adj_mat_5.txt,0.97
0,9,3970780.0,3750000.0,2.971889592311323,matrices/9_random_adj_mat_6.txt,0.97
0,9,3889476.0,3750000.0,3.495731383744362,matrices/9_random_adj_mat_7.txt,0.97
0,9,4291812.0,4375000.0,2.955048742678437,matrices/9_random_adj_mat_8.txt,0.97
0,9,4273640.0,4375000.0,2.2771753644261548,matrices/9_random_adj_mat_9.txt,0.97
0,10,4133232.0,4375000.0,2.426402243497892,matrices/10_random_adj_mat_0.txt,0.97
0,10,4166456.0,4375000.0,3.0344197974476317,matrices/10_random_adj_mat_1.txt,0.97
0,10,4158000.0,3750000.0,3.42758424849459,matrices/10_random_adj_mat_2.txt,0.97
0,10,4125028.0,3750000.0,3.344525838947534,matrices/10_random_adj_mat_3.txt,0.97
0,10,4147184.0,4375000.0,3.3181932222255988,matrices/10_random_adj_mat_4.txt,0.97
0,10,4108292.0,3750000.0,2.334051028911734,matrices/10_random_adj_mat_5.txt,0.97
0,10,4127052.0,3750000.0,2.8914559521633945,matrices/10_random_adj_mat_6.txt,0.97
0,10,4143504.0,4375000.0,2.9462735149852763,matrices/10_random_adj_mat_7.txt,0.97
0,10,4140468.0,4375000.0,3.0006191859583344,matrices/10_random_adj_mat_8.txt,0.97
0,10,4117448.0,3750000.0,2.89516936860368,matrices/10_random_adj_mat_9.txt,0.97
0,15,5000336.0,4375000.0,3.9845239590661015,matrices/15_random_adj_mat_0.txt,0.97
0,15,4973824.0,4375000.0,3.7176786003982047,matrices/15_random_adj_mat_1.txt,0.97
0,15,5166260.0,5000000.0,3.762281339198288,matrices/15_random_adj_mat_2.txt,0.97
0,15,5119980.0,5000000.0,3.6127729497149863,matrices/15_random_adj_mat_3.txt,0.97
0,15,5001768.0,5000000.0,3.351695592044239,matrices/15_random_adj_mat_4.txt,0.97
0,15,5053008.0,5625000.0,3.407056578444785,matrices/15_random_adj_mat_5.txt,0.97
0,15,5081280.0,5000000.0,3.2351745458801373,matrices/15_random_adj_mat_6.txt,0.97
0,15,5210296.0,5000000.0,3.31637882865226,matrices/15_random_adj_mat_7.txt,0.97
0,15,5056164.0,5000000.0,3.219388908644788,matrices/15_random_adj_mat_8.txt,0.97
0,15,5133980.0,5625000.0,3.5031147597005545,matrices/15_random_adj_mat_9.txt,0.97
0,20,7968460.0,8125000.0,4.255253549580716,matrices/20_random_adj_mat_0.txt,0.97
0,20,6043944.0,5625000.0,5.221611110687502,matrices/20_random_adj_mat_1.txt,0.97
0,20,6056696.0,6250000.0,5.210915852537762,matrices/20_random_adj_mat_2.txt,0.97
0,20,6020152.0,6250000.0,4.89648195416927,matrices/20_random_adj_mat_3.txt,0.97
0,20,6063360.0,6250000.0,4.350376429591647,matrices/20_random_adj_mat_4.txt,0.97
0,20,6119972.0,6250000.0,4.37984721965156,matrices/20_random_adj_mat_5.txt,0.97
0,20,6095000.0,5625000.0,4.642912393682981,matrices/20_random_adj_mat_6.txt,0.97
0,20,6147692.0,6250000.0,4.195080591188878,matrices/20_random_adj_mat_7.txt,0.97
0,20,6412928.0,6875000.0,5.341045750983904,matrices/20_random_adj_mat_8.txt,0.97
0,20,6257296.0,6250000.0,4.33378129006284,matrices/20_random_adj_mat_9.txt,0.97
0,25,7726312.0,7500000.0,5.138383298498035,matrices/25_random_adj_mat_0.txt,0.97
0,25,7021584.0,7500000.0,5.527615294575649,matrices/25_random_adj_mat_1.txt,0.97
0,25,7166416.0,6875000.0,5.212081931957958,matrices/25_random_adj_mat_2.txt,0.97
0,25,7087032.0,7500000.0,5.3901937609392085,matrices/25_random_adj_mat_3.txt,0.97
0,25,8333656.0,8125000.0,5.925904656890375,matrices/25_random_adj_mat_4.txt,0.97
0,25,7220748.0,7500000.0,6.088278094427802,matrices/25_random_adj_mat_5.txt,0.97
0,25,7052292.0,6875000.0,5.2334662734970445,matrices/25_random_adj_mat_6.txt,0.97
0,25,7758856.0,8125000.0,6.023036038312021,matrices/25_random_adj_mat_7.txt,0.97
0,25,7146616.0,6875000.0,5.6952937566432436,matrices/25_random_adj_mat_8.txt,0.97
0,25,7069032.0,7500000.0,5.287242548331271,matrices/25_random_adj_mat_9.txt,0.97
0,30,8051528.0,8125000.0,6.543827291864311,matrices/30_random_adj_mat_0.txt,0.97
0,30,8023868.0,8125000.0,6.396259083790285,matrices/30_random_adj_mat_1.txt,0.97
0,30,8046628.0,8125000.0,6.845491219045158,matrices/30_random_adj_mat_2.txt,0.97
0,30,8079836.0,8125000.0,7.161203860745209,matrices/30_random_adj_mat_3.txt,0.97
0,30,8079508.0,8125000.0,6.446082065432219,matrices/30_random_adj_mat_4.txt,0.97
0,30,7968016.0,7500000.0,6.998988045024504,matrices/30_random_adj_mat_5.txt,0.97
0,30,8021052.0,7500000.0,6.055616298593095,matrices/30_random_adj_mat_6.txt,0.97
0,30,8567112.0,8125000.0,6.658963123486324,matrices/30_random_adj_mat_7.txt,0.97
0,30,8652140.0,8750000.0,6.674749454181544,matrices/30_random_adj_mat_8.txt,0.97
0,30,7997420.0,8125000.0,6.092875703444898,matrices/30_random_adj_mat_9.txt,0.97
0,30,7934520.0,8125000.0,6.63163966231886,matrices/30_random_adj_mat_0.txt,0.97
0,30,7973608.0,8125000.0,6.391600692883726,matrices/30_random_adj_mat_1.txt,0.97
0,30,7959924.0,8125000.0,6.796946439742276,matrices/30_random_adj_mat_2.txt,0.97
0,30,7965020.0,7500000.0,6.933231057068758,matrices/30_random_adj_mat_3.txt,0.97
0,30,8292112.0,8125000.0,6.449848440909365,matrices/30_random_adj_mat_4.txt,0.97
0,30,7958056.0,8125000.0,7.16540312203028,matrices/30_random_adj_mat_5.txt,0.97
0,30,7948584.0,7500000.0,6.225877194647397,matrices/30_random_adj_mat_6.txt,0.97
0,30,7901036.0,7500000.0,6.618571471138527,matrices/30_random_adj_mat_7.txt,0.97
0,30,7928040.0,8125000.0,6.907691627944514,matrices/30_random_adj_mat_8.txt,0.97
0,30,7956848.0,8125000.0,6.150397228704989,matrices/30_random_adj_mat_9.txt,0.97
0,40,9956132.0,10000000.0,8.92951222345643,matrices/40_random_adj_mat_0.txt,0.97
0,40,10085224.0,10000000.0,8.486481776925311,matrices/40_random_adj_mat_1.txt,0.97
0,40,10015264.0,10000000.0,9.018918011181727,matrices/40_random_adj_mat_2.txt,0.97
0,40,10033948.0,10000000.0,8.699077007120954,matrices/40_random_adj_mat_3.txt,0.97
0,40,10139640.0,10000000.0,8.33829158467985,matrices/40_random_adj_mat_4.txt,0.97
0,40,10065328.0,10000000.0,8.71644049049746,matrices/40_random_adj_mat_5.txt,0.97
0,40,10036436.0,10000000.0,7.8933071582811305,matrices/40_random_adj_mat_6.txt,0.97
0,40,10024356.0,10000000.0,8.620021163518881,matrices/40_random_adj_mat_7.txt,0.97
0,40,10047048.0,10000000.0,8.799716772810914,matrices/40_random_adj_mat_8.txt,0.97
0,40,10022636.0,10000000.0,9.072114164903684,matrices/40_random_adj_mat_9.txt,0.97
0,50,12171880.0,11875000.0,10.956038512816244,matrices/50_random_adj_mat_0.txt,0.97
0,50,12474004.0,12500000.0,10.697705592683535,matrices/50_random_adj_mat_1.txt,0.97
0,50,12197036.0,12500000.0,10.483084738034442,matrices/50_random_adj_mat_2.txt,0.97
0,50,13268972.0,13125000.0,10.155651485308116,matrices/50_random_adj_mat_3.txt,0.97
0,50,12316840.0,12500000.0,10.847854497652074,matrices/50_random_adj_mat_4.txt,0.97
0,50,12154228.0,12500000.0,11.212882173917116,matrices/50_random_adj_mat_5.txt,0.97
0,50,12247452.0,11875000.0,11.074416158206242,matrices/50_random_adj_mat_6.txt,0.97
0,50,12528588.0,12500000.0,11.041360634601887,matrices/50_random_adj_mat_7.txt,0.97
0,50,12480452.0,12500000.0,10.363352093334656,matrices/50_random_adj_mat_8.txt,0.97
0,50,12207532.0,11875000.0,9.836365434552006,matrices/50_random_adj_mat_9.txt,0.97
0,5,3244916.0,3125000.0,2.2496127368286323,matrices/5_random_adj_mat_0.txt,0.95
0,5,3486764.0,3750000.0,2.4324100724478357,matrices/5_random_adj_mat_1.txt,0.95
0,5,3117748.0,3125000.0,2.092769076252572,matrices/5_random_adj_mat_2.txt,0.95
0,5,3156704.0,3125000.0,1.730408540073093,matrices/5_random_adj_mat_3.txt,0.95
0,5,3145828.0,3125000.0,1.8381227481602795,matrices/5_random_adj_mat_4.txt,0.95
0,5,3142244.0,3125000.0,2.907493662653474,matrices/5_random_adj_mat_5.txt,0.95
0,5,3124328.0,3125000.0,2.9076783169773255,matrices/5_random_adj_mat_6.txt,0.95
0,5,3119272.0,3125000.0,2.7273840284710706,matrices/5_random_adj_mat_7.txt,0.95
0,5,3148404.0,3750000.0,2.1307530483783985,matrices/5_random_adj_mat_8.txt,0.95
0,5,3130472.0,3125000.0,2.616055718212318,matrices/5_random_adj_mat_9.txt,0.95
0,6,3336704.0,3125000.0,2.6549481998199593,matrices/6_random_adj_mat_0.txt,0.95
0,6,3412300.0,3750000.0,2.385794230095342,matrices/6_random_adj_mat_1.txt,0.95
0,6,3360300.0,3125000.0,2.582691013360782,matrices/6_random_adj_mat_2.txt,0.95
0,6,3320952.0,3750000.0,2.624479955310725,matrices/6_random_adj_mat_3.txt,0.95
0,6,3414880.0,3125000.0,2.204890873346207,matrices/6_random_adj_mat_4.txt,0.95
0,6,3366032.0,3750000.0,2.1213700507683013,matrices/6_random_adj_mat_5.txt,0.95
0,6,3346652.0,3125000.0,1.754749692032551,matrices/6_random_adj_mat_6.txt,0.95
0,6,3400396.0,3125000.0,1.9668510853745373,matrices/6_random_adj_mat_7.txt,0.95
0,6,3459268.0,3125000.0,2.4785680059775688,matrices/6_random_adj_mat_8.txt,0.95
0,6,3384916.0,3750000.0,2.4426248321788395,matrices/6_random_adj_mat_9.txt,0.95
0,7,3529508.0,3125000.0,2.548515833666206,matrices/7_random_adj_mat_0.txt,0.95
0,7,4099120.0,3750000.0,2.1138150373113045,matrices/7_random_adj_mat_1.txt,0.95
0,7,3555852.0,3750000.0,2.7655386558697854,matrices/7_random_adj_mat_2.txt,0.95
0,7,3518932.0,3750000.0,2.846818037575111,matrices/7_random_adj_mat_3.txt,0.95
0,7,3786968.0,3750000.0,2.490845941532837,matrices/7_random_adj_mat_4.txt,0.95
0,7,3543016.0,3750000.0,2.572356446914053,matrices/7_random_adj_mat_5.txt,0.95
0,7,3516052.0,3125000.0,2.3993175115964593,matrices/7_random_adj_mat_6.txt,0.95
0,7,3597164.0,3750000.0,2.9150211715806718,matrices/7_random_adj_mat_7.txt,0.95
0,7,3559692.0,3750000.0,2.313145784495734,matrices/7_random_adj_mat_8.txt,0.95
0,7,3493704.0,3750000.0,1.9213979013365259,matrices/7_random_adj_mat_9.txt,0.95
0,8,3716316.0,3750000.0,2.1802596544239057,matrices/8_random_adj_mat_0.txt,0.95
0,8,3631820.0,3750000.0,2.6618448708609623,matrices/8_random_adj_mat_1.txt,0.95
0,8,3658488.0,3750000.0,2.9221010888537022,matrices/8_random_adj_mat_2.txt,0.95
0,8,3645548.0,3125000.0,2.5500304966934046,matrices/8_random_adj_mat_3.txt,0.95
0,8,3672156.0,3125000.0,2.259541309300535,matrices/8_random_adj_mat_4.txt,0.95
0,8,3679084.0,3750000.0,2.5947795613832856,matrices/8_random_adj_mat_5.txt,0.95
0,8,3650412.0,3125000.0,2.716863450244099,matrices/8_random_adj_mat_6.txt,0.95
0,8,3679164.0,3125000.0,2.6530531857668955,matrices/8_random_adj_mat_7.txt,0.95
0,8,3656856.0,3750000.0,2.9245232677730297,matrices/8_random_adj_mat_8.txt,0.95
0,8,3676752.0,3750000.0,2.3974053238819213,matrices/8_random_adj_mat_9.txt,0.95
0,9,3892156.0,4375000.0,2.7882655656203164,matrices/9_random_adj_mat_0.txt,0.95
0,9,3840876.0,3750000.0,3.425061693053154,matrices/9_random_adj_mat_1.txt,0.95
0,9,3841000.0,3750000.0,3.055396357788015,matrices/9_random_adj_mat_2.txt,0.95
0,9,3863984.0,3750000.0,2.5079300159901856,matrices/9_random_adj_mat_3.txt,0.95
0,9,3858548.0,4375000.0,2.7523194761305927,matrices/9_random_adj_mat_4.txt,0.95
0,9,3865036.0,3750000.0,2.7163262667987818,matrices/9_random_adj_mat_5.txt,0.95
0,9,3854080.0,3750000.0,2.894524414225913,matrices/9_random_adj_mat_6.txt,0.95
0,9,3853188.0,3750000.0,3.495731383744362,matrices/9_random_adj_mat_7.txt,0.95
0,9,3921484.0,3125000.0,2.955048742678437,matrices/9_random_adj_mat_8.txt,0.95
0,9,3895964.0,3750000.0,2.2771753644261548,matrices/9_random_adj_mat_9.txt,0.95
0,10,4089264.0,4375000.0,2.5646486493373746,matrices/10_random_adj_mat_0.txt,0.95
0,10,4104160.0,3750000.0,3.0344197974476312,matrices/10_random_adj_mat_1.txt,0.95
0,10,4097720.0,3750000.0,3.3598373101391346,matrices/10_random_adj_mat_2.txt,0.95
0,10,4165040.0,4375000.0,3.3224659291711216,matrices/10_random_adj_mat_3.txt,0.95
0,10,4115360.0,4375000.0,3.3023824377592605,matrices/10_random_adj_mat_4.txt,0.95
0,10,4066056.0,3750000.0,2.3340510289117335,matrices/10_random_adj_mat_5.txt,0.95
0,10,4143172.0,4375000.0,2.8857885739773876,matrices/10_random_adj_mat_6.txt,0.95
0,10,4072876.0,3750000.0,2.9462735149852763,matrices/10_random_adj_mat_7.txt,0.95
0,10,4079520.0,3750000.0,3.000619185958334,matrices/10_random_adj_mat_8.txt,0.95
0,10,4367936.0,4375000.0,2.828184716381501,matrices/10_random_adj_mat_9.txt,0.95
0,15,5103628.0,5625000.0,3.9862751283500737,matrices/15_random_adj_mat_0.txt,0.95
0,15,5482892.0,4375000.0,3.6363558665551903,matrices/15_random_adj_mat_1.txt,0.95
0,15,5005116.0,5000000.0,3.739286165336896,matrices/15_random_adj_mat_2.txt,0.95
0,15,4966464.0,4375000.0,3.456862657473569,matrices/15_random_adj_mat_3.txt,0.95
0,15,5029524.0,5000000.0,3.4205938151993687,matrices/15_random_adj_mat_4.txt,0.95
0,15,4976184.0,5000000.0,3.396441409566341,matrices/15_random_adj_mat_5.txt,0.95
0,15,5109948.0,5000000.0,3.1316294451147044,matrices/15_random_adj_mat_6.txt,0.95
0,15,4983012.0,5000000.0,3.3649373276528025,matrices/15_random_adj_mat_7.txt,0.95
0,15,5012164.0,5000000.0,3.253108017950034,matrices/15_random_adj_mat_8.txt,0.95
0,15,5141136.0,5000000.0,3.5714561315348132,matrices/15_random_adj_mat_9.txt,0.95
0,20,6126372.0,5625000.0,4.243692707372901,matrices/20_random_adj_mat_0.txt,0.95
0,20,6145904.0,6250000.0,5.196401008938387,matrices/20_random_adj_mat_1.txt,0.95
0,20,5958360.0,6250000.0,5.148597937438655,matrices/20_random_adj_mat_2.txt,0.95
0,20,6090276.0,6250000.0,4.899013371887304,matrices/20_random_adj_mat_3.txt,0.95
0,20,6037132.0,6250000.0,4.563946296655407,matrices/20_random_adj_mat_4.txt,0.95
0,20,7534704.0,6875000.0,4.179712971956478,matrices/20_random_adj_mat_5.txt,0.95
0,20,6660224.0,6875000.0,4.912994346094889,matrices/20_random_adj_mat_6.txt,0.95
0,20,6089944.0,5625000.0,4.147443304278654,matrices/20_random_adj_mat_7.txt,0.95
0,20,6172684.0,6250000.0,5.292865687044345,matrices/20_random_adj_mat_8.txt,0.95
0,20,6090600.0,6250000.0,4.316854097706427,matrices/20_random_adj_mat_9.txt,0.95
0,25,7242552.0,7500000.0,5.116340929357135,matrices/25_random_adj_mat_0.txt,0.95
0,25,6970472.0,6875000.0,5.3797599684434525,matrices/25_random_adj_mat_1.txt,0.95
0,25,7023524.0,6875000.0,4.997379343644006,matrices/25_random_adj_mat_2.txt,0.95
0,25,7011844.0,6875000.0,5.420052727377864,matrices/25_random_adj_mat_3.txt,0.95
0,25,7163924.0,6875000.0,5.716487531866347,matrices/25_random_adj_mat_4.txt,0.95
0,25,7050848.0,7500000.0,6.117818665175994,matrices/25_random_adj_mat_5.txt,0.95
0,25,6945216.0,6875000.0,5.099520786555735,matrices/25_random_adj_mat_6.txt,0.95
0,25,6994888.0,6875000.0,5.791092939657337,matrices/25_random_adj_mat_7.txt,0.95
0,25,6983724.0,6875000.0,5.556332515718608,matrices/25_random_adj_mat_8.txt,0.95
0,25,6980920.0,6875000.0,5.234877595837261,matrices/25_random_adj_mat_9.txt,0.95
0,30,7904604.0,7500000.0,6.707009953391021,matrices/30_random_adj_mat_0.txt,0.95
0,30,7961384.0,7500000.0,6.400418056356479,matrices/30_random_adj_mat_1.txt,0.95
0,30,8061556.0,8125000.0,6.78437284598171,matrices/30_random_adj_mat_2.txt,0.95
0,30,8378132.0,8750000.0,6.593015529336889,matrices/30_random_adj_mat_3.txt,0.95
0,30,7934556.0,8125000.0,6.591423024261335,matrices/30_random_adj_mat_4.txt,0.95
0,30,7935044.0,7500000.0,6.830625829037956,matrices/30_random_adj_mat_5.txt,0.95
0,30,7947116.0,7500000.0,6.0385046408481875,matrices/30_random_adj_mat_6.txt,0.95
0,30,7912672.0,8125000.0,6.4926332380942675,matrices/30_random_adj_mat_7.txt,0.95
0,30,7989280.0,8125000.0,6.705520918838247,matrices/30_random_adj_mat_8.txt,0.95
0,30,10054612.0,10000000.0,5.935246286322318,matrices/30_random_adj_mat_9.txt,0.95
0,30,8066064.0,8125000.0,6.966802292797837,matrices/30_random_adj_mat_0.txt,0.95
0,30,8141916.0,8125000.0,6.646967486415644,matrices/30_random_adj_mat_1.txt,0.95
0,30,8084320.0,8125000.0,6.687991855061438,matrices/30_random_adj_mat_2.txt,0.95
0,30,8209428.0,8750000.0,6.971056889986665,matrices/30_random_adj_mat_3.txt,0.95
0,30,8067216.0,7500000.0,6.338274317158458,matrices/30_random_adj_mat_4.txt,0.95
0,30,8094204.0,8125000.0,6.809248847756299,matrices/30_random_adj_mat_5.txt,0.95
0,30,8245128.0,8125000.0,6.332110453801393,matrices/30_random_adj_mat_6.txt,0.95
0,30,8052872.0,8125000.0,6.551416902662261,matrices/30_random_adj_mat_7.txt,0.95
0,30,8288968.0,8125000.0,6.691740757436841,matrices/30_random_adj_mat_8.txt,0.95
0,30,7984168.0,8125000.0,6.354492977707584,matrices/30_random_adj_mat_9.txt,0.95
0,40,11563032.0,11250000.0,9.03709355103549,matrices/40_random_adj_mat_0.txt,0.95
0,40,10067032.0,10000000.0,8.414399741093426,matrices/40_random_adj_mat_1.txt,0.95
0,40,10115404.0,10000000.0,8.555938738259021,matrices/40_random_adj_mat_2.txt,0.95
0,40,10090944.0,10000000.0,8.953442237228325,matrices/40_random_adj_mat_3.txt,0.95
0,40,10043144.0,10000000.0,8.327933809367133,matrices/40_random_adj_mat_4.txt,0.95
0,40,10081980.0,10000000.0,8.508337482808896,matrices/40_random_adj_mat_5.txt,0.95
0,40,10103408.0,10000000.0,7.654385887772318,matrices/40_random_adj_mat_6.txt,0.95
0,40,10182008.0,10625000.0,8.568428139152017,matrices/40_random_adj_mat_7.txt,0.95
0,40,10150084.0,10000000.0,8.521093948973224,matrices/40_random_adj_mat_8.txt,0.95
0,40,11353452.0,10000000.0,9.122480464591487,matrices/40_random_adj_mat_9.txt,0.95
0,50,12272260.0,12500000.0,11.166433508053622,matrices/50_random_adj_mat_0.txt,0.95
0,50,11952600.0,11875000.0,10.348736898364901,matrices/50_random_adj_mat_1.txt,0.95
0,50,12310116.0,12500000.0,10.114789505825318,matrices/50_random_adj_mat_2.txt,0.95
0,50,11980812.0,11875000.0,10.216694930170378,matrices/50_random_adj_mat_3.txt,0.95
0,50,11983684.0,12500000.0,11.131684280954602,matrices/50_random_adj_mat_4.txt,0.95
0,50,12013752.0,11875000.0,10.899568574833358,matrices/50_random_adj_mat_5.txt,0.95
0,50,12022720.0,11875000.0,10.86452528180966,matrices/50_random_adj_mat_6.txt,0.95
0,50,12338956.0,12500000.0,10.856719488042431,matrices/50_random_adj_mat_7.txt,0.95
0,50,11979408.0,11875000.0,10.371927079677628,matrices/50_random_adj_mat_8.txt,0.95
0,50,12468064.0,11250000.0,10.255024326493674,matrices/50_random_adj_mat_9.txt,0.950,5,3991148.0,4375000.0,2.249612736828632,matrices/5_random_adj_mat_0.txt,0.9
0,5,3162948.0,3125000.0,2.4324100724478357,matrices/5_random_adj_mat_1.txt,0.9
0,5,3094728.0,3125000.0,2.092769076252572,matrices/5_random_adj_mat_2.txt,0.9
0,5,3104136.0,3125000.0,1.730408540073093,matrices/5_random_adj_mat_3.txt,0.9
0,5,3082144.0,3125000.0,1.8381227481602795,matrices/5_random_adj_mat_4.txt,0.9
0,5,3150260.0,3125000.0,2.907493662653474,matrices/5_random_adj_mat_5.txt,0.9
0,5,3114820.0,3125000.0,2.9076783169773255,matrices/5_random_adj_mat_6.txt,0.9
0,5,3082812.0,3125000.0,2.7273840284710706,matrices/5_random_adj_mat_7.txt,0.9
0,5,3101616.0,3125000.0,2.1307530483783985,matrices/5_random_adj_mat_8.txt,0.9
0,5,3110980.0,3125000.0,2.616055718212318,matrices/5_random_adj_mat_9.txt,0.9
0,6,3323288.0,3125000.0,2.6603705791553898,matrices/6_random_adj_mat_0.txt,0.9
0,6,3314908.0,3125000.0,2.385794230095342,matrices/6_random_adj_mat_1.txt,0.9
0,6,3344752.0,3750000.0,2.582691013360782,matrices/6_random_adj_mat_2.txt,0.9
0,6,3346772.0,3125000.0,2.624479955310725,matrices/6_random_adj_mat_3.txt,0.9
0,6,3452148.0,3750000.0,2.204890873346207,matrices/6_random_adj_mat_4.txt,0.9
0,6,3327124.0,3125000.0,2.1213700507683013,matrices/6_random_adj_mat_5.txt,0.9
0,6,3360648.0,3750000.0,1.7547496920325507,matrices/6_random_adj_mat_6.txt,0.9
0,6,3304540.0,3125000.0,1.9668510853745373,matrices/6_random_adj_mat_7.txt,0.9
0,6,3497848.0,3750000.0,2.4785680059775688,matrices/6_random_adj_mat_8.txt,0.9
0,6,3343680.0,3125000.0,2.442624832178839,matrices/6_random_adj_mat_9.txt,0.9
0,7,3477856.0,3750000.0,2.548515833666206,matrices/7_random_adj_mat_0.txt,0.9
0,7,3480032.0,3750000.0,2.113371573883573,matrices/7_random_adj_mat_1.txt,0.9
0,7,3463092.0,3125000.0,2.7655386558697854,matrices/7_random_adj_mat_2.txt,0.9
0,7,3470536.0,3750000.0,2.846818037575111,matrices/7_random_adj_mat_3.txt,0.9
0,7,3451392.0,3750000.0,2.490845941532837,matrices/7_random_adj_mat_4.txt,0.9
0,7,3493728.0,3125000.0,2.572356446914053,matrices/7_random_adj_mat_5.txt,0.9
0,7,3493980.0,3750000.0,2.399317511596459,matrices/7_random_adj_mat_6.txt,0.9
0,7,3491900.0,3750000.0,2.9150211715806713,matrices/7_random_adj_mat_7.txt,0.9
0,7,3462152.0,3125000.0,2.313145784495734,matrices/7_random_adj_mat_8.txt,0.9
0,7,3447436.0,3750000.0,1.9213979013365259,matrices/7_random_adj_mat_9.txt,0.9
0,8,3667280.0,3750000.0,2.1802596544239057,matrices/8_random_adj_mat_0.txt,0.9
0,8,3692064.0,3750000.0,2.648050301666325,matrices/8_random_adj_mat_1.txt,0.9
0,8,3653740.0,3750000.0,2.9221010888537022,matrices/8_random_adj_mat_2.txt,0.9
0,8,3634908.0,3750000.0,2.555412885542519,matrices/8_random_adj_mat_3.txt,0.9
0,8,3724164.0,3750000.0,2.259541309300535,matrices/8_random_adj_mat_4.txt,0.9
0,8,3634856.0,3750000.0,2.6379582091479707,matrices/8_random_adj_mat_5.txt,0.9
0,8,3686000.0,3750000.0,2.716863450244099,matrices/8_random_adj_mat_6.txt,0.9
0,8,3769628.0,3750000.0,2.6530531857668955,matrices/8_random_adj_mat_7.txt,0.9
0,8,3708200.0,3750000.0,2.9245232677730293,matrices/8_random_adj_mat_8.txt,0.9
0,8,3776896.0,3750000.0,2.3974053238819217,matrices/8_random_adj_mat_9.txt,0.9
0,9,3889332.0,3750000.0,2.763380495353963,matrices/9_random_adj_mat_0.txt,0.9
0,9,3973180.0,4375000.0,3.5163276047233554,matrices/9_random_adj_mat_1.txt,0.9
0,9,4013460.0,3750000.0,3.0553963577880148,matrices/9_random_adj_mat_2.txt,0.9
0,9,4030468.0,4375000.0,2.507930015990186,matrices/9_random_adj_mat_3.txt,0.9
0,9,3867240.0,3750000.0,2.7523194761305927,matrices/9_random_adj_mat_4.txt,0.9
0,9,3889444.0,3750000.0,2.735829266110626,matrices/9_random_adj_mat_5.txt,0.9
0,9,3868768.0,4375000.0,2.9492550205893227,matrices/9_random_adj_mat_6.txt,0.9
0,9,3856892.0,3750000.0,3.495731383744362,matrices/9_random_adj_mat_7.txt,0.9
0,9,3926968.0,3750000.0,2.955048742678437,matrices/9_random_adj_mat_8.txt,0.9
0,9,4500452.0,5000000.0,2.250907469307563,matrices/9_random_adj_mat_9.txt,0.9
0,10,4075772.0,3750000.0,2.5926501185587996,matrices/10_random_adj_mat_0.txt,0.9
0,10,4094264.0,4375000.0,3.0344197974476317,matrices/10_random_adj_mat_1.txt,0.9
0,10,4081660.0,3750000.0,3.3598373101391354,matrices/10_random_adj_mat_2.txt,0.9
0,10,4106164.0,3750000.0,3.3445258389475345,matrices/10_random_adj_mat_3.txt,0.9
0,10,4103792.0,4375000.0,3.30238243775926,matrices/10_random_adj_mat_4.txt,0.9
0,10,4115848.0,3750000.0,2.3833914675762835,matrices/10_random_adj_mat_5.txt,0.9
0,10,4052904.0,3750000.0,2.885788573977388,matrices/10_random_adj_mat_6.txt,0.9
0,10,4082304.0,4375000.0,2.9466443390196915,matrices/10_random_adj_mat_7.txt,0.9
0,10,4149804.0,3750000.0,2.999022605068809,matrices/10_random_adj_mat_8.txt,0.9
0,10,4095372.0,4375000.0,2.8281847163815015,matrices/10_random_adj_mat_9.txt,0.9
0,15,5021392.0,5000000.0,4.056576692169644,matrices/15_random_adj_mat_0.txt,0.9
0,15,5120016.0,5625000.0,3.644510806714875,matrices/15_random_adj_mat_1.txt,0.9
0,15,5001520.0,5000000.0,3.7760000978568913,matrices/15_random_adj_mat_2.txt,0.9
0,15,5070428.0,5000000.0,3.4819477746554095,matrices/15_random_adj_mat_3.txt,0.9
0,15,5107932.0,5000000.0,3.2809904928732356,matrices/15_random_adj_mat_4.txt,0.9
0,15,5081364.0,5000000.0,3.476484769794852,matrices/15_random_adj_mat_5.txt,0.9
0,15,5002908.0,5000000.0,3.2217386145794777,matrices/15_random_adj_mat_6.txt,0.9
0,15,5034444.0,5000000.0,3.3779599679863925,matrices/15_random_adj_mat_7.txt,0.9
0,15,4933360.0,5000000.0,3.0323858537811903,matrices/15_random_adj_mat_8.txt,0.9
0,15,5033472.0,5000000.0,3.601734860180043,matrices/15_random_adj_mat_9.txt,0.9
0,20,6136544.0,6250000.0,4.253280501310773,matrices/20_random_adj_mat_0.txt,0.9
0,20,6778560.0,6875000.0,5.081155761286146,matrices/20_random_adj_mat_1.txt,0.9
0,20,6412112.0,6250000.0,5.1077399084612525,matrices/20_random_adj_mat_2.txt,0.9
0,20,6061200.0,6250000.0,4.762951566169573,matrices/20_random_adj_mat_3.txt,0.9
0,20,6102868.0,6250000.0,4.711704902759243,matrices/20_random_adj_mat_4.txt,0.9
0,20,6175564.0,6250000.0,4.308624539669926,matrices/20_random_adj_mat_5.txt,0.9
0,20,6327676.0,6250000.0,4.940960821738467,matrices/20_random_adj_mat_6.txt,0.9
0,20,6271668.0,6250000.0,4.311930224663362,matrices/20_random_adj_mat_7.txt,0.9
0,20,6080324.0,6250000.0,5.433216360887153,matrices/20_random_adj_mat_8.txt,0.9
0,20,6077524.0,6250000.0,4.440186140594542,matrices/20_random_adj_mat_9.txt,0.9
0,25,7061488.0,6875000.0,4.953416041048205,matrices/25_random_adj_mat_0.txt,0.9
0,25,7086012.0,7500000.0,5.591907555447451,matrices/25_random_adj_mat_1.txt,0.9
0,25,7498824.0,7500000.0,5.047495770960357,matrices/25_random_adj_mat_2.txt,0.9
0,25,7203740.0,6875000.0,5.480735694080326,matrices/25_random_adj_mat_3.txt,0.9
0,25,7020380.0,7500000.0,5.853197635767009,matrices/25_random_adj_mat_4.txt,0.9
0,25,7153820.0,6875000.0,6.403511803926757,matrices/25_random_adj_mat_5.txt,0.9
0,25,8110572.0,7500000.0,4.88443451185533,matrices/25_random_adj_mat_6.txt,0.9
0,25,7125960.0,6875000.0,5.921336938844965,matrices/25_random_adj_mat_7.txt,0.9
0,25,7040244.0,6875000.0,5.8193228636109895,matrices/25_random_adj_mat_8.txt,0.9
0,25,7209056.0,6875000.0,5.001003458854977,matrices/25_random_adj_mat_9.txt,0.9
0,30,7996892.0,8125000.0,6.617893549707495,matrices/30_random_adj_mat_0.txt,0.9
0,30,8038872.0,8125000.0,6.338512782727011,matrices/30_random_adj_mat_1.txt,0.9
0,30,8036724.0,8125000.0,6.8006055164449535,matrices/30_random_adj_mat_2.txt,0.9
0,30,8042928.0,8125000.0,7.055196158628483,matrices/30_random_adj_mat_3.txt,0.9
0,30,8011892.0,8125000.0,6.60032567347285,matrices/30_random_adj_mat_4.txt,0.9
0,30,8005956.0,8125000.0,7.001960047778799,matrices/30_random_adj_mat_5.txt,0.9
0,30,7980788.0,8125000.0,6.010092833424278,matrices/30_random_adj_mat_6.txt,0.9
0,30,8019248.0,8125000.0,6.92911321083111,matrices/30_random_adj_mat_7.txt,0.9
0,30,7933588.0,7500000.0,7.051805508084458,matrices/30_random_adj_mat_8.txt,0.9
0,30,8005892.0,8125000.0,6.069419622519406,matrices/30_random_adj_mat_9.txt,0.9
0,30,8739332.0,8125000.0,7.1179978526414125,matrices/30_random_adj_mat_0.txt,0.9
0,30,8225456.0,8750000.0,6.442379785348676,matrices/30_random_adj_mat_1.txt,0.9
0,30,7863552.0,7500000.0,6.7786779395151715,matrices/30_random_adj_mat_2.txt,0.9
0,30,7862436.0,8125000.0,6.8330770202047075,matrices/30_random_adj_mat_3.txt,0.9
0,30,7923024.0,8125000.0,6.67531171952636,matrices/30_random_adj_mat_4.txt,0.9
0,30,8443248.0,8125000.0,7.053652136682149,matrices/30_random_adj_mat_5.txt,0.9
0,30,7877392.0,8125000.0,6.104582832347729,matrices/30_random_adj_mat_6.txt,0.9
0,30,7915380.0,8125000.0,6.494355308091419,matrices/30_random_adj_mat_7.txt,0.9
0,30,7880704.0,7500000.0,7.034018915894876,matrices/30_random_adj_mat_8.txt,0.9
0,30,7895600.0,7500000.0,6.259057881511899,matrices/30_random_adj_mat_9.txt,0.9
0,40,9977664.0,10000000.0,9.157852160999951,matrices/40_random_adj_mat_0.txt,0.9
0,40,9929088.0,10000000.0,8.385049671953636,matrices/40_random_adj_mat_1.txt,0.9
0,40,10076144.0,10625000.0,8.721793537211736,matrices/40_random_adj_mat_2.txt,0.9
0,40,10074732.0,10000000.0,8.760302299430794,matrices/40_random_adj_mat_3.txt,0.9
0,40,9939260.0,10000000.0,8.571885353169055,matrices/40_random_adj_mat_4.txt,0.9
0,40,10024388.0,10000000.0,8.900528952687788,matrices/40_random_adj_mat_5.txt,0.9
0,40,10044696.0,10000000.0,7.936678938681634,matrices/40_random_adj_mat_6.txt,0.9
0,40,10012628.0,10000000.0,8.602138026369664,matrices/40_random_adj_mat_7.txt,0.9
0,40,9977048.0,10000000.0,8.636985224554266,matrices/40_random_adj_mat_8.txt,0.9
0,40,10078644.0,10625000.0,9.22544232480908,matrices/40_random_adj_mat_9.txt,0.9
0,50,12506188.0,12500000.0,10.862689613142162,matrices/50_random_adj_mat_0.txt,0.9
0,50,11982184.0,11875000.0,10.64334976991737,matrices/50_random_adj_mat_1.txt,0.9
0,50,11915356.0,11875000.0,10.288202468099414,matrices/50_random_adj_mat_2.txt,0.9
0,50,11925316.0,11875000.0,10.281728849431643,matrices/50_random_adj_mat_3.txt,0.9
0,50,11924164.0,11875000.0,11.03108840329082,matrices/50_random_adj_mat_4.txt,0.9
0,50,11962628.0,11875000.0,11.227424429077857,matrices/50_random_adj_mat_5.txt,0.9
0,50,12050944.0,11875000.0,11.303718121935558,matrices/50_random_adj_mat_6.txt,0.9
0,50,11993928.0,11875000.0,10.812215550353738,matrices/50_random_adj_mat_7.txt,0.9
0,50,12045180.0,12500000.0,10.488025763294983,matrices/50_random_adj_mat_8.txt,0.9
0,50,11991048.0,11875000.0,10.162131872208029,matrices/50_random_adj_mat_9.txt,0.9
